sub,eye,rotationSpeed,sameSideAfterReversalD,torsionVelTMean,torsionVelTStd,torsionVelTGainMean,torsionVelTGainStd,torsionAngleTotalMean,torsionAngleTotalStd,torsionAngleCWMean,torsionAngleCWStd,torsionAngleCCWMean,torsionAngleCCWStd,sacNumTMean,sacNumTStd,sacAmpSumTMean,sacAmpSumTStd,sacAmpMeanTMean,sacAmpMeanTStd,nonErrorTrialN,exp
1,1,25,-1,0.219171115099999,0.254338184365421,0.00876684460399995,0.0101735273746169,0.571991255716319,0.43487418302168,0.495388345162613,0.452654291624627,-0.0766029105537062,0.119043613326566,1,1.15470053837925,0.317635468484698,0.372161066124361,0.317635468484698,0.0546406763741298,4,2
1,1,50,-1,0.318326356854592,0.291051907893424,0.00636652713709183,0.00582103815786849,0.679366036184197,0.40134902700706,0.637884387957601,0.474088024557803,-0.0414816482265964,0.0829632964531929,0.25,0.5,0.0748212297931928,0.149642459586386,0.299284919172771,NaN,4,2
1,1,100,-1,0.434048172225256,0.357800895245821,0.00434048172225256,0.00357800895245821,0.761563871960166,0.570584206197618,0.761563871960166,0.570584206197618,-0,0,0.4,0.547722557505166,0.103060667884333,0.141641752770913,0.257651669710831,0.024254587737803,5,2
1,1,200,-1,0.276927425957378,0.129565208657183,0.00138463712978689,0.000647826043285914,0.52271140514975,0.253763260980659,0.509963355916454,0.245496732080739,-0.0127480492332955,0.0254960984665911,0.75,0.957427107756338,0.15932630583722,0.209528694576407,0.208285563122631,0.0176048855875722,4,2
1,2,25,-1,0.258246843541713,0.27857783168525,0.0103298737416685,0.01114311326741,0.798435863634158,0.20554359146431,0.63655403165293,0.350670118456485,-0.161881831981228,0.148623555017648,1,0,0.309085761315031,0.0654310588677198,0.309085761315031,0.0654310588677198,3,2
1,2,50,-1,0.27898737719238,0.0296404452890488,0.00557974754384761,0.000592808905780977,0.604772810590183,0.117948181598734,0.548020180371515,0.0376878422431491,-0.0567526302186675,0.0802603393555847,0.5,0.707106781186548,0.078325232524255,0.110768606111828,0.15665046504851,NaN,2,2
1,2,100,-1,0.240206589657206,0.463529666125729,0.00240206589657206,0.00463529666125729,0.792808580229198,0.391776016610019,0.629163897400804,0.480625652072716,-0.163644682828394,0.365920634960682,1.2,2.16794833886788,1.18972070430551,2.10931125016279,1.02663590575913,0.0746746879844684,5,2
1,2,200,-1,0.538766948500643,0.317196489581574,0.00269383474250321,0.00158598244790787,0.950150073530103,0.496685075849853,0.950150073530103,0.496685075849853,-0,0,0.333333333333333,0.577350269189626,0.523627315123675,0.906949114025085,1.57088194537103,NaN,3,2
1,1,25,1,0.361050736719734,0.246982996085931,0.0144420294687894,0.00987931984343725,0.803146085424018,0.5163030637118,0.736924819001659,0.480513844595154,-0.0662212664223595,0.110530340537755,0.333333333333333,0.516397779494322,0.119172113630417,0.209937230588845,0.35751634089125,0.22348219600424,6,2
1,1,50,1,0.195699224156275,0.106836192592256,0.00391398448312549,0.00213672385184512,0.451156192484818,0.40843664785216,0.40082094323142,0.308385228921785,-0.0503352492533977,0.100670498506795,1,1.4142135623731,0.195501803827801,0.294415091213994,0.18351233497087,0.033911338926242,4,2
1,1,100,1,0.587139442389114,0.258065472372682,0.00587139442389114,0.00258065472372682,1.04469826740523,0.462320153462205,1.04469826740523,0.462320153462205,-0,0,0,0,0,0,NaN,-0,3,2
1,1,200,1,0.232390841101898,0.167050009782725,0.00116195420550949,0.000835250048913624,0.454212437863403,0.276385732929271,0.438767356943308,0.268428923294097,-0.0154450809200949,0.0345362508553172,0.8,1.30384048104053,0.247818243639247,0.454937844311525,0.270188291468762,0.11196191051618,5,2
1,2,25,1,0.327392990252429,0.137356538416338,0.0130957196100972,0.00549426153665351,0.618866819139259,0.254035991932211,0.618866819139259,0.254035991932211,-0,0,0.4,0.547722557505166,0.469384776861838,0.930624160204424,1.17346194215459,1.3460422707339,5,2
1,2,50,1,0.156787968348631,0.321958012111522,0.00313575936697263,0.00643916024223044,0.467930861979942,0.516469885718915,0.396952392258425,0.579786627499185,-0.0709784697215167,0.122938315801156,0,0,0,0,NaN,-0,3,2
1,2,100,1,0.217500268001444,0.0798463486099309,0.00217500268001444,0.000798463486099309,0.483791281185947,0.266801708759663,0.441502078111986,0.190913611695636,-0.0422892030739616,0.0845784061479233,0.5,1,0.12449612721308,0.248992254426159,0.248992254426159,NaN,4,2
1,2,200,1,0.264329574010546,0.0159436459780115,0.00132164787005273,7.97182298900574e-05,0.673607321369725,0.272209237261943,0.588672809609301,0.125470069475631,-0.0849345117604233,0.147110889685109,0.666666666666667,1.15470053837925,0.104474135002629,0.180954509901363,0.156711202503943,NaN,3,2
2,1,25,-1,0.0897032003028743,0.167666101943662,0.00358812801211497,0.00670664407774649,0.257719295737912,0.218757621266359,0.211679781674469,0.248235368752111,-0.0460395140634435,0.102947483096917,0,0,0,0,NaN,-0,5,2
2,1,50,-1,0.0682091723548227,0.104388915532617,0.00136418344709645,0.00208777831065233,0.155834150263657,0.193431852567556,0.143612110667799,0.202625449008434,-0.0122220395958584,0.0273293113600334,0,0,0,0,NaN,-0,5,2
2,1,100,-1,-0.0307044748136375,0.105973580871833,-0.000307044748136375,0.00105973580871833,0.171462569965164,0.0757187134440722,0.0536278293319091,0.0923273163362906,-0.117834740633255,0.111243523352526,0,0,0,0,NaN,-0,6,2
2,1,200,-1,-0.0396998911956985,0.146642639767531,-0.000198499455978493,0.000733213198837657,0.324409049552789,0.274207302714264,0.117069729076812,0.22948945917264,-0.207339320475978,0.137101810262444,0.2,0.447213595499958,0.0570449836798505,0.127556461283512,0.285224918399252,NaN,5,2
2,2,25,-1,-0.106905856766628,0.0883815118570157,-0.0042762342706651,0.00353526047428063,0.252496301349451,0.135825756149971,0.0214806680497568,0.0526166760560095,-0.231015633299694,0.143523084520993,0.166666666666667,0.408248290463863,0.00820424760768759,0.0200962203622842,0.0492254856461255,NaN,6,2
2,2,50,-1,-0.124651798891311,0.107517336023182,-0.00249303597782622,0.00215034672046364,0.218447812991264,0.17839345059699,0,0,-0.218447812991264,0.17839345059699,0,0,0,0,NaN,-0,5,2
2,2,100,-1,-0.0799747024158986,0.0970880581002661,-0.000799747024158986,0.000970880581002661,0.175502320920069,0.138765739334377,0.0179755865516741,0.0401946334649742,-0.157526734368395,0.157224077269471,0,0,0,0,NaN,-0,5,2
2,2,200,-1,-0.132382732320655,0.167213851135106,-0.000661913661603274,0.00083606925567553,0.333347580253233,0.201145591236835,0.0463271569812057,0.11347789583777,-0.287020423272027,0.24391542084094,0,0,0,0,NaN,-0,6,2
2,1,25,1,-0.200720265574842,0.0995207207308543,-0.00802881062299369,0.00398082882923417,0.388660340646453,0.195690873390762,0,0,-0.388660340646453,0.195690873390762,0,0,0,0,NaN,-0,6,2
2,1,50,1,-0.170209956598389,0.263835260395589,-0.00340419913196778,0.00527670520791179,0.47656647011993,0.220469767487148,0.0837132614612104,0.18718854324548,-0.39285320865872,0.309491399047339,0,0,0,0,NaN,-0,5,2
2,1,100,1,-0.137787954197676,0.0756832999385771,-0.00137787954197676,0.000756832999385771,0.251244158406822,0.13942216104308,0,0,-0.251244158406822,0.13942216104308,0,0,0,0,NaN,-0,5,2
2,1,200,1,-0.199974725607026,0.207031949655558,-0.000999873628035131,0.00103515974827779,0.524978565301704,0.307286467729297,0.0777840216921067,0.122148052348552,-0.447194543609597,0.324879837923913,0.166666666666667,0.408248290463863,0.0478836967052783,0.11729062392612,0.28730218023167,NaN,6,2
2,2,25,1,0.0903230874757169,0.115740630395036,0.00361292349902868,0.00462962521580144,0.187077534479548,0.201966161572834,0.180636920658187,0.208546048891084,-0.0064406138213606,0.014401650321387,0,0,0,0,NaN,-0,5,2
2,2,50,1,0.0253794616837741,0.0664996485463605,0.000507589233675481,0.00132999297092721,0.0827923530519638,0.117807551615234,0.0688200185945959,0.123868855991603,-0.0139723344573679,0.0306441923669477,0,0,0,0,NaN,-0,5,2
2,2,100,1,-0.0206601716240417,0.0782847665859939,-0.000206601716240417,0.000782847665859939,0.102639363696607,0.0955204768691095,0.0310476565001701,0.0753150808456085,-0.071591707196437,0.0937358600452959,0,0,0,0,NaN,-0,6,2
2,2,200,1,-0.00563928416714727,0.0229816075413173,-2.81964208357364e-05,0.000114908037706586,0.0554658549756877,0.0650745739055481,0.0229233401855893,0.0436021548230542,-0.0325425147900984,0.0262880524626876,0.2,0.447213595499958,0.0528473793333636,0.118170332622119,0.264236896666818,NaN,5,2
3,1,25,-1,0.188930483069966,0.160177529896339,0.00755721932279865,0.00640710119585357,0.592971543833524,0.546170217941562,0.45874955478008,0.353224155975509,-0.134221989053443,0.23279487361328,1,1.67332005306815,0.441664891583767,0.705028101425191,0.463272802894726,0.0916746036915419,6,2
3,1,50,-1,0.144420712157329,0.108011787896877,0.00288841424314658,0.00216023575793755,0.396575516080212,0.239954778578607,0.342427229772689,0.207598787025497,-0.0541482863075231,0.0902580110860809,0.2,0.447213595499958,0.0599236932003016,0.133993451458716,0.299618466001508,NaN,5,2
3,1,100,-1,0.294819945973353,0.296082879286467,0.00294819945973353,0.00296082879286467,0.546802945957881,0.424209002418271,0.521792427826938,0.438691029463097,-0.025010518130942,0.0436405136845098,0.5,0.836660026534076,0.182514871460971,0.282760124904959,0.411565060346676,0.197432631094184,6,2
3,1,200,-1,0.242529324780436,0.279808112502229,0.00121264662390218,0.00139904056251115,0.71191015463186,0.530822030917007,0.550706914526638,0.48117683523489,-0.161203240105223,0.186830405938004,0.75,0.957427107756338,0.21331157438049,0.310275933646588,0.26219459713377,0.0942750202576058,4,2
3,2,25,-1,-0.0310252476154862,0.176204047457692,-0.00124100990461945,0.00704816189830767,0.329964257357646,0.315554492429343,0.133679151073532,0.267358302147063,-0.196285106284115,0.13618768263304,1,1.4142135623731,0.418403722426557,0.531161229754464,0.467763652631215,0.139610965466434,4,2
3,2,50,-1,-0.199082153747334,0.188403018966855,-0.00398164307494668,0.0037680603793371,0.344475935322274,0.309695112307577,0.00344810773576369,0.0077102032909105,-0.34102782758651,0.314310940118929,0.4,0.547722557505166,0.157719619117889,0.228006023746381,0.394299047794723,0.146222093229273,5,2
3,2,100,-1,-0.0605589808909088,0.0707814067041871,-0.000605589808909088,0.000707814067041871,0.144077860185261,0.0748559272840549,0.0205308779015845,0.050290174830265,-0.123546982283677,0.0957182082218322,0,0,0,0,NaN,-0,6,2
3,2,200,-1,0.0178769125874671,0.126890972845451,8.93845629373353e-05,0.000634454864227256,0.20697534028352,0.0525878155210076,0.125136743226286,0.119095221375145,-0.0818385970572334,0.11909804931968,0,0,0,0,NaN,-0,5,2
3,1,25,1,0.372531267024769,0.152320824426777,0.0149012506809908,0.00609283297707107,0.800948239821405,0.371015512817053,0.739724857109784,0.301450242079966,-0.0612233827116202,0.136899645555668,0.6,0.894427190999916,0.291258549838143,0.417227735794803,0.502779882686845,0.0736054302611586,5,2
3,1,50,1,0.212259465781585,0.339063775311525,0.00424518931563169,0.0067812755062305,0.74420331817741,0.406793836184954,0.548359829843851,0.415809667933876,-0.195843488333559,0.271258056869762,1,1,0.406957082072595,0.379478959093086,0.434253077795163,0.121648722228338,5,2
3,1,100,1,0.331709717616774,0.181386616986568,0.00331709717616774,0.00181386616986568,0.603745226073333,0.288073143780086,0.594916362442804,0.299539601330132,-0.00882886363052947,0.0160274508481518,0.666666666666667,0.816496580927726,0.298902463283699,0.423662733817142,0.41637501888963,0.111014140100318,6,2
3,1,200,1,0.167602495088926,0.222457847961169,0.00083801247544463,0.00111228923980585,0.473125370612121,0.151737736088936,0.381900852765653,0.261311984742963,-0.0912245178464676,0.138155055792754,0.6,0.547722557505166,0.141134361610878,0.214835160856918,0.235223936018129,0.243125713644853,5,2
3,2,25,1,-0.0190274500267757,0.106684724598624,-0.000761098001071028,0.00426738898394498,0.161442707883364,0.109148852710712,0.0602227607963869,0.134662186933431,-0.101219947086977,0.094968042579993,0,0,0,0,NaN,-0,5,2
3,2,50,1,-0.109450723215812,0.110761050919199,-0.00218901446431624,0.00221522101838399,0.244696662823411,0.200029395419791,0.0150299368090779,0.0234270108564497,-0.229666726014333,0.207907053010081,0.166666666666667,0.408248290463863,0.0348520124603607,0.0853696470370051,0.209112074762164,NaN,6,2
3,2,100,1,0.0720217563833785,0.200297558976975,0.000720217563833785,0.00200297558976975,0.325455889794351,0.182229446974532,0.22617945013079,0.249045565653537,-0.0992764396635605,0.158348270766262,0,0,0,0,NaN,-0,6,2
3,2,200,1,-0.00281338301421649,0.169401439294243,-1.40669150710824e-05,0.000847007196471217,0.243474083164649,0.193024838237187,0.116860233955018,0.186787792224197,-0.12661384920963,0.168255652255852,0.333333333333333,0.516397779494322,0.100798825473437,0.184029209855751,0.302396476420312,0.217735876232571,6,2
4,1,25,-1,-0.225459936759223,0.0877498125335158,-0.00901839747036892,0.00350999250134063,0.443079566275943,0.0593577092364437,0.0320067341736443,0.0640134683472887,-0.411072832102298,0.0957084041472535,1,0.816496580927726,0.481813410145647,0.387046010259489,0.521514473476705,0.28929426317493,4,2
4,1,50,-1,-0.0758499654864521,0.0883365051342024,-0.00151699930972904,0.00176673010268405,0.220636950248841,0.1549985288692,0.0490481147731069,0.0566009489941898,-0.171588835475735,0.148885505792348,0.666666666666667,1.03279555898864,0.167686299287204,0.265171877744674,0.251529448930806,0.0594900918421009,6,2
4,1,100,-1,-0.368751947064908,NaN,-0.00368751947064908,NaN,0.517200864895933,NaN,0,NaN,-0.517200864895933,NaN,3,NaN,0.463938567403563,NaN,0.154646189134521,NaN,1,2
4,1,200,-1,0.0173448268202279,0.0731828733714381,8.67241341011394e-05,0.000365914366857191,0.189560350147561,0.099403424115053,0.0985273338404347,0.080082006781182,-0.0910330163071266,0.0850938257590432,1,1,0.315143112200238,0.277764372046864,0.367445930793118,0.221902066213173,3,2
4,2,25,-1,-0.241110862523485,0.20409418020338,-0.00964443450093941,0.00816376720813518,0.450682819777321,0.375959791894996,0.0033386326553564,0.00817794644421646,-0.447344187121965,0.37521620551215,0.166666666666667,0.408248290463863,0.0466774596368586,0.114335958599661,0.280064757821152,NaN,6,2
4,2,50,-1,-0.30905694281972,0.281467742357712,-0.00618113885639441,0.00562935484715424,0.606526766063207,0.557134334004872,0,0,-0.606526766063207,0.557134334004872,0,0,0,0,NaN,-0,5,2
4,2,100,-1,-0.417758775019583,0.268496371071955,-0.00417758775019583,0.00268496371071955,0.776974129880445,0.448242723809214,0,0,-0.776974129880445,0.448242723809214,0,0,0,0,NaN,-0,6,2
4,2,200,-1,-0.335880216631043,0.21794513419123,-0.00167940108315521,0.00108972567095615,0.647891883901595,0.42115208159811,0.0155574734843701,0.0381078717235857,-0.632334410417225,0.398779454118619,0.333333333333333,0.516397779494322,0.17579204464519,0.291635979518567,0.52737613393557,0.233288677869999,6,2
4,1,25,1,-0.189028283632034,0.157517113600097,-0.00756113134528136,0.00630068454400387,0.38992129000158,0.270476915158917,0.0293665726502891,0.0260758080941205,-0.36055471735129,0.294812023727951,1.33333333333333,0.577350269189626,0.352846649791871,0.109976141338587,0.274853665105333,0.0583939793193417,3,2
4,1,50,1,-0.109366959026388,0.13990218950353,-0.00218733918052777,0.0027980437900706,0.274706020317409,0.220856672103932,0.0406172964703528,0.070351221152739,-0.234088723847057,0.216173887700823,0.666666666666667,1.15470053837925,0.252968959984683,0.438155091431329,0.379453439977024,NaN,3,2
4,1,100,1,-0.0531854049182805,0.0997214501514113,-0.000531854049182805,0.000997214501514113,0.205512563718743,0.135072522582367,0.059006095595193,0.0676715933380982,-0.14650646812355,0.149260921156866,1,0.894427190999916,0.347651685298105,0.418346967161919,0.305511883894427,0.177327079447567,6,2
4,1,200,1,0.0380077794101667,0.214299789483903,0.000190038897050834,0.00107149894741952,0.341369266424497,0.135698794100221,0.20202513195839,0.256338027248385,-0.139344134466107,0.1666564057626,0.5,0.577350269189626,0.555746548138321,0.792691060941221,1.11149309627664,0.806015168106479,4,2
4,2,25,1,-0.279603012703293,0.186016661395642,-0.0111841205081317,0.00744066645582567,0.515713251033478,0.346326886495322,0,0,-0.515713251033478,0.346326886495322,0.25,0.5,0.107285312145688,0.214570624291376,0.429141248582752,NaN,4,2
4,2,50,1,-0.405428463865188,0.222404171325288,-0.00810856927730376,0.00444808342650575,0.773310970273333,0.406912367644986,0,0,-0.773310970273333,0.406912367644986,0,0,0,0,NaN,-0,6,2
4,2,100,1,-0.300954717605809,0.162299082471588,-0.00300954717605809,0.00162299082471588,0.55506253013545,0.300330929346251,0,0,-0.55506253013545,0.300330929346251,0.2,0.447213595499958,0.045035873681138,0.100703274977118,0.22517936840569,NaN,5,2
4,2,200,1,-0.140849581845804,0.181864343319529,-0.000704247909229022,0.000909321716597644,0.397906437166979,0.254113695953847,0.0568807306147118,0.0834897941697669,-0.341025706552267,0.300953573808893,0.2,0.447213595499958,0.0405422682228753,0.0906552677083789,0.202711341114377,NaN,5,2
5,1,25,-1,-0.073725292492376,0.0229011823580707,-0.00294901169969504,0.000916047294322826,0.139331740775641,0.0380917167975933,0,0,-0.139331740775641,0.0380917167975933,0,0,0,0,NaN,-0,5,2
5,1,50,-1,-0.123676674670632,0.0459093353684141,-0.00247353349341265,0.000918186707368282,0.238732154338064,0.0836716606146358,0,0,-0.238732154338064,0.0836716606146358,0,0,0,0,NaN,-0,6,2
5,1,100,-1,-0.0414452068589349,0.0224838133794149,-0.000414452068589349,0.000224838133794149,0.0777636062352341,0.0441346898976146,0,0,-0.0777636062352341,0.0441346898976146,0,0,0,0,NaN,-0,6,2
5,1,200,-1,-0.0385172229051971,0.0471282916515641,-0.000192586114525985,0.00023564145825782,0.0959500073427798,0.0642651637243413,0.0115870581707764,0.0283823801383488,-0.0843629491720034,0.0753026953371051,0,0,0,0,NaN,-0,6,2
5,2,25,-1,-0.116695761182186,0.0482727365382424,-0.00466783044728744,0.0019309094615297,0.222292142672812,0.0941036334717376,0,0,-0.222292142672812,0.0941036334717376,0,0,0,0,NaN,-0,6,2
5,2,50,-1,-0.207704040046047,0.0525083830131286,-0.00415408080092094,0.00105016766026257,0.385506138732951,0.0941364671534577,0,0,-0.385506138732951,0.0941364671534577,0,0,0,0,NaN,-0,6,2
5,2,100,-1,-0.240218113266066,0.140474332137251,-0.00240218113266066,0.00140474332137251,0.437771026829682,0.259054635924103,0.00495858828833429,0.0121460111509596,-0.432812438541348,0.250794603042754,0.333333333333333,0.816496580927726,0.0473436983369813,0.115967903461857,0.142031095010944,NaN,6,2
5,2,200,-1,-0.163831501794302,0.188598655002551,-0.000819157508971509,0.000942993275012757,0.388070220317811,0.231641427506498,0.0353387784262157,0.0790199108028214,-0.352731441891595,0.280314734372596,0,0,0,0,NaN,-0,5,2
5,1,25,1,0.0264109482697174,0.0849872333689022,0.0010564379307887,0.00339948933475609,0.127482460991585,0.103000728146393,0.0893512156727105,0.104069583069487,-0.0381312453188749,0.0891944357955376,0,0,0,0,NaN,-0,6,2
5,1,50,1,0.00966601888320333,0.107758283816567,0.000193320377664066,0.00215516567633135,0.126158015087097,0.155483699136671,0.0725823751991872,0.177789783557249,-0.0535756398879095,0.0435743827265884,0,0,0,0,NaN,-0,6,2
5,1,100,1,-0.0757905075878751,0.099661414506768,-0.000757905075878751,0.00099661414506768,0.169589228506664,0.166738086211491,0.0128106753177013,0.031379617788835,-0.156778553188963,0.177868386513557,0,0,0,0,NaN,-0,6,2
5,1,200,1,0.0302990825012712,0.181079314225612,0.000151495412506356,0.00090539657112806,0.285372632045329,0.147717267090519,0.169917709169302,0.221204798578222,-0.115454922876027,0.141321033467956,0,0,0,0,NaN,-0,6,2
5,2,25,1,-0.201250273098073,0.051844037770002,-0.00805001092392291,0.00207376151080008,0.381877646730571,0.0912808537460555,0,0,-0.381877646730571,0.0912808537460555,0,0,0,0,NaN,-0,5,2
5,2,50,1,-0.274362792121336,0.0513671360607655,-0.00548725584242672,0.00102734272121531,0.535010228274887,0.12202327778316,0,0,-0.535010228274887,0.12202327778316,0,0,0,0,NaN,-0,6,2
5,2,100,1,-0.226112572639134,0.0633748873884547,-0.00226112572639134,0.000633748873884547,0.418058435974429,0.132512912633942,0,0,-0.418058435974429,0.132512912633942,0,0,0,0,NaN,-0,6,2
5,2,200,1,-0.203303883306176,0.0879571294581515,-0.00101651941653088,0.000439785647290757,0.380641700295828,0.169146852328415,0,0,-0.380641700295828,0.169146852328415,0,0,0,0,NaN,-0,6,2
6,1,25,-1,0.129934441048161,0.0104647513641524,0.00519737764192644,0.000418590054566097,0.938308274843364,0.991886139712107,0.593382646134243,0.504087637581601,-0.344925628709122,0.487798502130507,1.5,0.707106781186548,0.388781028719094,0.327437436378622,0.233702463619905,0.10812322638199,2,2
6,1,50,-1,-0.0524273073013932,0.0348752431639083,-0.00104854614602786,0.000697504863278165,1.04635792069058,0.219365595870936,0.492785392272539,0.144338056736322,-0.553572528418042,0.0750275391346141,2,0,0.575685034428952,0.0866011025643462,0.287842517214476,0.0433005512821731,2,2
6,1,100,-1,0.250513590133221,0.25398050697946,0.00250513590133221,0.0025398050697946,0.863295633725665,0.649570661150343,0.647865366041019,0.542566569435304,-0.215430267684646,0.107004091715038,3,0,1.09090153587707,0.191372971645749,0.363633845292356,0.0637909905485831,2,2
6,1,200,-1,0.0185196961338376,0.404101412340758,9.25984806691882e-05,0.00202050706170379,0.578957155884413,0.18474444922031,0.254032105605755,0.384842683015268,-0.324925050278659,0.231174694068137,2.33333333333333,1.15470053837925,0.746176870254388,0.289595251515442,0.342051614223259,0.0707371000354149,3,2
6,2,25,-1,-0.0463325869764063,0.0869731442731115,-0.00185330347905625,0.00347892577092446,0.148461890063781,0.109988744361894,0.0305411998582763,0.048027904171171,-0.117920690205505,0.135772967810283,0,0,0,0,NaN,-0,6,2
6,2,50,-1,-0.0525517162627337,0.134587076783689,-0.00105103432525467,0.00269174153567378,0.20823247889339,0.138438319649051,0.0551095428576132,0.118361111377579,-0.153122936035777,0.158469234689492,0.166666666666667,0.408248290463863,0.0949369194398264,0.232547010379288,0.569621516638958,NaN,6,2
6,2,100,-1,-0.0217013326409879,0.219521741466461,-0.000217013326409879,0.00219521741466461,0.345173477062324,0.0581382161089099,0.148163380748667,0.207183172044814,-0.197010096313657,0.182837059078309,0,0,0,0,NaN,-0,5,2
6,2,200,-1,0.0125928274854292,0.196711930738103,6.29641374271461e-05,0.000983559653690516,0.256686288679032,0.16286927316731,0.128270419387878,0.14911850354787,-0.128415869291154,0.213236876657814,0.4,0.894427190999916,0.137908383078528,0.30837251923067,0.344770957696319,NaN,5,2
6,1,25,1,0.188394987739417,0.2483143163243,0.00753579950957668,0.00993257265297202,0.765633800057942,0.452508441593017,0.579075376461214,0.336820755058593,-0.186558423596728,0.323128668249489,1,1,0.225445744588239,0.346525914897276,0.182054439548384,0.184093716229291,3,2
6,1,50,1,0.194419622302681,0.163789158392637,0.00388839244605363,0.00327578316785273,1.09884867421997,0.274228005018189,0.711774743160051,0.176541715804021,-0.387073931059924,0.194627798478983,2.4,1.14017542509914,0.64797841014126,0.150377842889997,0.312454776145161,0.124023438491507,5,2
6,1,100,1,-0.00837087285513364,0.0663166740423759,-8.37087285513364e-05,0.000663166740423759,0.0816315056054382,0.018519371491737,0.034268166220159,0.0484625054262045,-0.0473633393852791,0.0669818769179415,0,0,0,0,NaN,-0,2,2
6,1,200,1,-0.0568397916560206,0.0759116762942667,-0.000284198958280103,0.000379558381471333,0.714027553746039,0.720247530025168,0.300366999463694,0.415010599653357,-0.413660554282346,0.30538208583722,0.666666666666667,0.577350269189626,0.142751842336149,0.129480693649457,0.214127763504224,0.0544368195281616,3,2
6,2,25,1,0.00153335653751917,0.0689503933054185,6.13342615007666e-05,0.00275801573221674,0.179408147003422,0.124932152415591,0.0839264615858457,0.084134887028056,-0.0954816854175764,0.0969140137046804,0.333333333333333,0.516397779494322,0.121561892175838,0.188742852796577,0.364685676527515,0.0281389206706719,6,2
6,2,50,1,-0.131772244565064,0.170632830180045,-0.00263544489130128,0.00341265660360091,0.50103858583626,0.313857202895336,0.134431752239294,0.168479885690542,-0.366606833596966,0.260546587127867,0.833333333333333,1.16904519445001,0.297210484040958,0.368726182776412,0.410555798826757,0.218650428815661,6,2
6,2,100,1,-0.0824580981698294,0.151974126661504,-0.000824580981698294,0.00151974126661504,0.228515336111312,0.215389813107176,0.0332191349893474,0.0520831830732449,-0.195296201121964,0.244742805412634,0,0,0,0,NaN,-0,5,2
6,2,200,1,-0.0947149720467949,0.173513566832782,-0.000473574860233974,0.000867567834163912,0.261994234717018,0.184566263557593,0.0466859169336684,0.0933718338673368,-0.215308317783349,0.228366772805557,0,0,0,0,NaN,-0,4,2
7,1,25,-1,-0.0368075573321416,0.0628428711997893,-0.00147230229328566,0.00251371484799157,0.233854650463884,0.287360995914734,0.0887096816763132,0.109500877630139,-0.145144968787571,0.185840988571671,0.5,0.547722557505166,0.212522828115758,0.238876994857963,0.425045656231517,0.0846031280152675,6,2
7,1,50,-1,-0.151944117122997,0.1685572707912,-0.00303888234245995,0.003371145415824,0.550988460956728,0.242617411574447,0.138011585195464,0.138724057077141,-0.412976875761263,0.247356482199315,0.666666666666667,0.516397779494322,0.230918778246326,0.21370124063377,0.346378167369488,0.150964294676738,6,2
7,1,100,-1,0.0965864267300311,0.147050809502643,0.000965864267300311,0.00147050809502643,0.255063853209679,0.151735703158422,0.210211177801767,0.191144566936618,-0.0448526754079111,0.100293631184822,0,0,0,0,NaN,-0,5,2
7,1,200,-1,0.0224019772571146,0.0631094310402224,0.000112009886285573,0.000315547155201112,0.0989020333511753,0.0481003321033175,0.0673989695585491,0.072645589876847,-0.0315030637926262,0.0484194724650629,0.2,0.447213595499958,0.0975743023904992,0.218182773002276,0.487871511952496,NaN,5,2
7,2,25,-1,0.108521005219964,0.137473088722471,0.00434084020879858,0.00549892354889885,0.24848788274851,0.211836754223609,0.234619907165088,0.226716661737694,-0.0138679755834221,0.0277359511668442,0.25,0.5,0.13031015379176,0.26062030758352,0.52124061516704,NaN,4,2
7,2,50,-1,0.148366672751975,0.203377989830324,0.0029673334550395,0.00406755979660648,0.415921241496346,0.289842957653301,0.333471201924342,0.318411868202725,-0.0824500395720032,0.103380439788364,0.25,0.5,0.0614347694329203,0.122869538865841,0.245739077731681,NaN,4,2
7,2,100,-1,0.0427180012803759,0.115543141856968,0.000427180012803759,0.00115543141856968,0.285162692904878,0.150156319892102,0.185210841113851,0.108156772420695,-0.0999518517910276,0.143516841782195,0.6,1.34164078649987,0.200058355945564,0.44734408336113,0.333430593242607,NaN,5,2
7,2,200,-1,0.0303796665270585,0.170408945459979,0.000151898332635293,0.000852044727299895,0.260282177450129,0.19745986700164,0.165315974895632,0.171526725525793,-0.0949662025544966,0.182175504583445,0.4,0.894427190999916,0.159027108614383,0.355595425127002,0.397567771535957,NaN,5,2
7,1,25,1,0.154732759024013,0.210441774507157,0.00618931036096053,0.00841767098028628,0.520532412681479,0.400769212844229,0.40098948051932,0.328926694715911,-0.11954293216216,0.185483286695959,0.666666666666667,0.816496580927726,0.188692134305856,0.218066694670834,0.31763124932467,0.161745919265805,6,2
7,1,50,1,0.114320007032869,0.134832987635386,0.00228640014065737,0.00269665975270772,0.291440184790659,0.126414253927343,0.245502243782925,0.169228953397143,-0.0459379410077343,0.102970385828322,0.333333333333333,0.516397779494322,0.110046030259141,0.170545496283431,0.330138090777422,0.0103579053510106,6,2
7,1,100,1,0.109587623469224,0.178228030905365,0.00109587623469224,0.00178228030905365,0.35121553906998,0.17400697163098,0.27744597145754,0.222433511795126,-0.0737695676124403,0.14073853380211,0.333333333333333,0.516397779494322,0.0962787050451066,0.172148006589415,0.28883611513532,0.19219680622111,6,2
7,1,200,1,0.120904076766034,0.114388231328572,0.000604520383830172,0.000571941156642861,0.399676644032312,0.262712777502883,0.311957113999417,0.201199621333287,-0.0877195300328942,0.113815524789251,0.5,0.547722557505166,0.182709680831443,0.266107095951819,0.365419361662886,0.277279613172683,6,2
7,2,25,1,-0.0808247519837393,0.205238688700023,-0.00323299007934957,0.00820954754800093,0.249794695968147,0.264245112075753,0.055268079137396,0.0663038772688836,-0.194526616830751,0.294442420866677,0.5,0.836660026534076,0.137076599500644,0.229785026190496,0.273724608613701,0.0018183550164836,6,2
7,2,50,1,-0.106050102188641,0.274016174113532,-0.00212100204377281,0.00548032348227064,0.78214325231833,0.237532954537886,0.306023732870577,0.196251779041908,-0.476119519447754,0.328799125197634,2.25,1.70782512765993,0.796092333735387,0.70635657805399,0.338469286871381,0.136187249810127,4,2
7,2,100,1,0.0976010763315472,0.0885975895958271,0.000976010763315472,0.000885975895958271,0.268892638415697,0.250992622073152,0.217789353087424,0.176872099646845,-0.0511032853282726,0.114270419867585,0.4,0.894427190999916,0.134486119670656,0.300720105613758,0.33621529917664,NaN,5,2
7,2,200,1,-0.0814772660920249,0.113851490773469,-0.000407386330460125,0.000569257453867346,0.249712748266209,0.140300090297625,0.0511397408596812,0.0757141061430907,-0.198573007406528,0.173245492765352,0.2,0.447213595499958,0.0777805737085457,0.173922650141241,0.388902868542728,NaN,5,2
8,1,25,-1,-0.186746166996129,0.194109335422849,-0.00746984667984518,0.00776437341691395,0.512574601114054,0.441522420139512,0.0777353524738202,0.0955008865265834,-0.434839248640234,0.396987596041864,0.75,0.5,0.351160065753591,0.263919960913232,0.468213421004788,0.149237028914694,4,2
8,1,50,-1,0.0453794370482227,0.196901940227471,0.000907588740964453,0.00393803880454942,0.368722558002557,0.183161910561914,0.222958314435683,0.215761728234659,-0.145764243566875,0.169299033871042,0.666666666666667,0.516397779494322,0.308795766175681,0.335525223112733,0.463193649263522,0.303766028987316,6,2
8,1,100,-1,0.065035325855779,0.135624356043564,0.00065035325855779,0.00135624356043564,0.371477348905669,0.258218248015723,0.250876568787106,0.107621429473044,-0.120600780118562,0.241201560237125,0.25,0.5,0.0247584157240023,0.0495168314480047,0.0990336628960094,NaN,4,2
8,1,200,-1,-0.153650413544503,0.20276093404204,-0.000768252067722513,0.0010138046702102,0.366152571218672,0.324888275030415,0.0434193211398423,0.0868386422796847,-0.32273325007883,0.335922316793352,0.5,0.577350269189626,0.238933901940614,0.395775034877396,0.477867803881229,0.491483465347864,4,2
8,2,25,-1,-0.0321655668193854,0.152055275793443,-0.00128662267277542,0.00608221103173773,0.214013873653983,0.201605559654217,0.0694960510308997,0.0893346578888363,-0.144517822623083,0.238261041140818,0,0,0,0,NaN,-0,6,2
8,2,50,-1,0.0019396668355124,0.0933013972352108,3.87933367102479e-05,0.00186602794470422,0.122974634737692,0.100325221408054,0.0689806120765769,0.076227024017869,-0.0539940226611153,0.116472926850212,0,0,0,0,NaN,-0,5,2
8,2,100,-1,0.0486162803420349,0.106334225769927,0.000486162803420349,0.00106334225769927,0.234518705232991,0.196376775445027,0.16370500113873,0.133303321130069,-0.0708137040942615,0.14379899003203,0.166666666666667,0.408248290463863,0.115398761453138,0.282668082509345,0.692392568718829,NaN,6,2
8,2,200,-1,-0.0552606134105347,0.0475543170873622,-0.000276303067052673,0.000237771585436811,0.109824611307792,0.0951249354972079,0.000281546383020748,0.000563092766041495,-0.109543064924771,0.0955545925450838,0,0,0,0,NaN,-0,4,2
8,1,25,1,0.408479618790912,0.142533101195029,0.0163391847516365,0.00570132404780117,0.745984853378427,0.263332772914364,0.7363989450895,0.262979144734138,-0.00958590828892721,0.0166032801931176,0.666666666666667,0.577350269189626,0.449706905474207,0.4045646958861,0.67456035821131,0.154889428522557,3,2
8,1,50,1,0.14485400208908,0.148509795756793,0.0028970800417816,0.00297019591513586,0.41159009469092,0.114017055749807,0.35534756389906,0.19759328070112,-0.0562425307918596,0.0974149208777578,0.333333333333333,0.577350269189626,0.164575458714499,0.285053056172467,0.493726376143498,NaN,3,2
8,1,100,1,0.178170729970497,0.193339441905923,0.00178170729970497,0.00193339441905923,0.461737077762664,0.194721951254572,0.38846751668168,0.228856133671468,-0.0732695610809838,0.168232692160187,0.5,0.547722557505166,0.26580272406578,0.31302419670311,0.531605448131561,0.181678575901784,6,2
8,1,200,1,0.0198247706850668,0.377927917019825,9.91238534253341e-05,0.00188963958509912,0.497007349628697,0.369854101319424,0.271836962245472,0.314882684801601,-0.225170387383225,0.446877102854151,0.5,0.577350269189626,0.175439142180049,0.283733595172723,0.350878284360098,0.34409110516465,4,2
8,2,25,1,-0.16293544315852,0.0585650076594295,-0.0065174177263408,0.00234260030637718,0.301639540675719,0.123410826641426,0,0,-0.301639540675719,0.123410826641426,0.166666666666667,0.408248290463863,0.0573395531997771,0.140452647418624,0.344037319198662,NaN,6,2
8,2,50,1,-0.0665948885563768,0.14504477911628,-0.00133189777112753,0.00290089558232561,0.247790689061462,0.157321701069227,0.0593175210589932,0.0886251824535515,-0.188473168002468,0.207486236626389,0.166666666666667,0.408248290463863,0.0875393575940677,0.214426758516497,0.525236145564406,NaN,6,2
8,2,100,1,-0.171395951023039,0.0607073797796606,-0.00171395951023039,0.000607073797796606,0.334856766629217,0.111621246699293,0.0143043002252316,0.0350382366793958,-0.320552466403986,0.103339911034122,0.333333333333333,0.816496580927726,0.0282012982608221,0.0690787908230528,0.0846038947824663,NaN,6,2
8,2,200,1,-0.232905771806187,0.139804583497322,-0.00116452885903094,0.00069902291748661,0.439119268342559,0.260522965889567,0,0,-0.439119268342559,0.260522965889567,0.25,0.5,0.0764028286153415,0.152805657230683,0.305611314461366,NaN,4,2
9,1,25,-1,0.283434071780836,0.202874832021023,0.0113373628712334,0.00811499328084091,0.574968836849852,0.306402264080484,0.542946302680281,0.326991338796401,-0.0320225341695711,0.0474596614614071,0.4,0.547722557505166,0.28743871860058,0.416666970209011,0.71859679650145,0.273473635149808,5,2
9,1,50,-1,-0.120207687504097,0.199616166796551,-0.00240415375008193,0.00399232333593103,0.338563156341701,0.195202565241146,0.0710420053587436,0.142084010717487,-0.267521150982958,0.261909932648063,0.5,0.577350269189626,0.243136464543023,0.280940159037508,0.486272929086046,0.0179096989963099,4,2
9,1,100,-1,-0.14592728221674,0.113200740380791,-0.0014592728221674,0.00113200740380792,0.232587715927864,0.195941574478738,0,0,-0.232587715927864,0.195941574478738,0.666666666666667,1.15470053837925,0.12638182326418,0.21889973904675,0.18957273489627,NaN,3,2
9,1,200,-1,0.0762971931102553,0.193911140154654,0.000381485965551277,0.000969555700773272,0.294359217943298,0.207300670292171,0.213880663471211,0.272302359590419,-0.0804785544720877,0.0785301296498603,0.4,0.894427190999916,0.158422710069703,0.354243948895596,0.396056775174257,NaN,5,2
9,2,25,-1,-0.0061870896160829,0.271168229079314,-0.000247483584643316,0.0108467291631726,0.35677561914718,0.349112180364117,0.172587672508632,0.407068868191798,-0.184187946638549,0.17270969627954,0.166666666666667,0.408248290463863,0.0718656901497586,0.176034270879868,0.431194140898552,NaN,6,2
9,2,50,-1,0.0638278529920133,0.144489781777096,0.00127655705984027,0.00288979563554193,0.201036113834539,0.216221349553037,0.160752011404342,0.239721269480815,-0.0402841024301971,0.0694779543804927,0,0,0,0,NaN,-0,6,2
9,2,100,-1,-0.0721815875324655,0.156041657505632,-0.000721815875324655,0.00156041657505632,0.234054068671315,0.186529245785458,0.0493174231281245,0.0973271923836264,-0.184736645543191,0.217224174329814,0.166666666666667,0.408248290463863,0.0552664685173297,0.135374647753049,0.331598811103978,NaN,6,2
9,2,200,-1,0.0501792821659169,0.282560671943225,0.000250896410829585,0.00141280335971613,0.354419168390451,0.284791564666839,0.22383423467795,0.300756822990144,-0.1305849337125,0.246580772984192,0.333333333333333,0.516397779494322,0.145588361329822,0.226625479564446,0.436765083989467,0.0494357004869898,6,2
9,1,25,1,0.0729601771360295,0.137852555480643,0.00291840708544118,0.0055141022192257,0.382856804931392,0.346686043283485,0.258061989030397,0.287827683376661,-0.124794815900996,0.122604968967919,0.8,0.836660026534076,0.268540920838552,0.268894142450361,0.361746365393043,0.170793161638812,5,2
9,1,50,1,0.0166147835652776,0.371978544589128,0.000332295671305552,0.00743957089178256,0.50454512743949,0.34337123533604,0.293990751488534,0.345942853860181,-0.210554375950956,0.383131623904007,0.166666666666667,0.408248290463863,0.0594454763484746,0.145611084570449,0.356672858090848,NaN,6,2
9,1,100,1,0.202519363877063,0.260208122968124,0.00202519363877063,0.00260208122968124,0.565144528004818,0.0710670126813274,0.448341929955275,0.263990409258607,-0.116802598049543,0.236351744385048,0.4,0.547722557505166,0.18712172423155,0.263603475387782,0.467804310578874,0.123847169328401,5,2
9,1,200,1,-0.210315989175086,0.214065490783042,-0.00105157994587543,0.00107032745391521,0.452829374085468,0.353923591582095,0.0282382339639866,0.0631426107080175,-0.424591140121481,0.388907674488189,0.2,0.447213595499958,0.100416800350834,0.22453879166749,0.502084001754171,NaN,5,2
9,2,25,1,0.248826522971345,0.138341729798658,0.00995306091885381,0.0055336691919463,0.445185957879428,0.231314170019368,0.445185957879428,0.231314170019368,-0,0,0.166666666666667,0.408248290463863,0.0601948292768549,0.147446616882241,0.36116897566113,NaN,6,2
9,2,50,1,0.0885282139094868,0.197194020513386,0.00177056427818974,0.00394388041026771,0.330408401208813,0.128674012613668,0.247564263476951,0.183069291777328,-0.0828441377318621,0.185245123505799,0.2,0.447213595499958,0.0865564039078378,0.193546003025854,0.432782019539189,NaN,5,2
9,2,100,1,0.127326223566741,0.0923415467008677,0.00127326223566741,0.000923415467008677,0.213720882347454,0.148890102973475,0.213720882347454,0.148890102973475,-0,0,0.25,0.5,0.111201898458857,0.222403796917714,0.444807593835428,NaN,4,2
9,2,200,1,0.0281235569779778,0.214821871587583,0.000140617784889889,0.00107410935793791,0.372248097361169,0.321290010114587,0.214875438851663,0.308871236610497,-0.157372658509506,0.187894695048149,0.166666666666667,0.408248290463863,0.0601184039848875,0.147259413913477,0.360710423909325,NaN,6,2
10,1,25,-1,0.312534124601374,0.13217910696417,0.012501364984055,0.0052871642785668,0.593032007965637,0.238854403376758,0.589966617549109,0.23293761282302,-0.00306539041652772,0.00750864238291051,0.333333333333333,0.516397779494322,0.0920812882134325,0.192442648385072,0.276243864640298,0.28883092098797,6,2
10,1,50,-1,0.383110686037672,0.121020748411116,0.00766221372075344,0.00242041496822232,0.742120885812204,0.248245159698948,0.742120885812204,0.248245159698948,-0,0,0,0,0,0,NaN,-0,6,2
10,1,100,-1,0.35456644621838,0.174027407727705,0.0035456644621838,0.00174027407727705,0.668745393281102,0.342517062829455,0.668745393281102,0.342517062829455,-0,0,0,0,0,0,NaN,-0,4,2
10,1,200,-1,0.385641278978724,0.118625389214799,0.00192820639489362,0.000593126946073995,0.728211248645658,0.207564514096282,0.728211248645658,0.207564514096282,-0,0,0,0,0,0,NaN,-0,5,2
10,2,25,-1,0.138110254894447,0.113569094447967,0.00552441019577789,0.00454276377791869,0.257918583544081,0.212631366213089,0.257918583544081,0.212631366213089,-0,0,0,0,0,0,NaN,-0,6,2
10,2,50,-1,0.133059824216679,0.225562961741635,0.00266119648433358,0.00451125923483271,0.331253311348326,0.304721307691658,0.278060415481021,0.342436073415046,-0.0531928958673051,0.0961866424427108,0.2,0.447213595499958,0.0645143166323547,0.14425839751189,0.322571583161774,NaN,5,2
10,2,100,-1,0.0469051077498781,0.140694575721862,0.000469051077498781,0.00140694575721862,0.18438474586999,0.171333435587952,0.136862379312852,0.185265565954347,-0.0475223665571378,0.106263242073423,0,0,0,0,NaN,-0,5,2
10,2,200,-1,0.0526783301378383,0.0984939874336932,0.000263391650689191,0.000492469937168466,0.205466740883224,0.14309265992611,0.152123510441868,0.130465717482524,-0.053343230441356,0.113519712132763,0.333333333333333,0.516397779494322,0.178724636959716,0.281878175188583,0.536173910879148,0.118180277380108,6,2
10,1,25,1,0.148286381879395,0.0934111772719176,0.00593145527517579,0.0037364470908767,0.283666064542393,0.175836730904642,0.283666064542393,0.175836730904642,-0,0,0,0,0,0,NaN,-0,5,2
10,1,50,1,0.240113696065703,0.239811871443708,0.00480227392131407,0.00479623742887417,0.450721505264815,0.337508694001002,0.427808532920896,0.371418553039407,-0.022912972343919,0.0458259446878381,0.25,0.5,0.170513023770003,0.341026047540007,0.682052095080014,NaN,4,2
10,1,100,1,0.0434111030811839,0.176151433543543,0.000434111030811839,0.00176151433543543,0.248750233944157,0.120104093797867,0.17366987112499,0.17729743451395,-0.0750803628191672,0.124854336724177,0.2,0.447213595499958,0.0391868062691819,0.0876243626390056,0.195934031345909,NaN,5,2
10,1,200,1,0.279086433805297,0.136359413466948,0.00139543216902648,0.000681797067334739,0.508680520251639,0.226490391617965,0.508680520251639,0.226490391617965,-0,0,0,0,0,0,NaN,-0,5,2
10,2,25,1,0.271736119098603,0.17304164730956,0.0108694447639441,0.00692166589238241,0.51484042814372,0.319322341640521,0.51484042814372,0.319322341640521,-0,0,0,0,0,0,NaN,-0,6,2
10,2,50,1,0.348132791152679,0.0618558030290093,0.00696265582305357,0.00123711606058019,0.671926835032054,0.148353243078442,0.664948242918698,0.145697363247945,-0.00697859211335613,0.010842559064653,0.333333333333333,0.516397779494322,0.213176098581499,0.331104849880353,0.639528295744498,0.0531368045172775,6,2
10,2,100,1,0.29544412336029,0.151229772083926,0.0029544412336029,0.00151229772083926,0.539157693890146,0.297402087727252,0.539157693890146,0.297402087727252,-0,0,0.2,0.447213595499958,0.0882676470259264,0.197372458963929,0.441338235129632,NaN,5,2
10,2,200,1,0.321840087819344,0.126965079814425,0.00160920043909672,0.000634825399072123,0.604935136023991,0.249523387263337,0.604935136023991,0.249523387263337,-0,0,0,0,0,0,NaN,-0,6,2
1,1,25,0,0.128961995991841,0.381086821756277,0.00515847983967365,0.0152434728702511,0.710684153540939,0.474743096126801,0.472796055622478,0.499270798768102,-0.237888097918461,0.352422571419627,0.6,0.843274042711568,0.198557455572129,0.28488014420904,0.337575904687974,0.134808975256852,10,2
1,1,50,0,-0.0613135663491585,0.341597120947041,-0.00122627132698317,0.00683194241894083,0.565261114334508,0.394219676954589,0.221151295729008,0.283902028321566,-0.344109818605499,0.446431884690836,0.625,1.06066017177982,0.135161516810497,0.225625143240308,0.222103196371504,0.0710123454394654,8,2
1,1,100,0,-0.0511028167448671,0.609516994849208,-0.000511028167448671,0.00609516994849208,0.867739270252067,0.518246318996765,0.391761850276963,0.594479902302808,-0.475977419975104,0.584285518049207,0.25,0.462910049886276,0.0644129174277078,0.11962134268689,0.257651669710831,0.024254587737803,8,2
1,1,200,0,0.00602716685333058,0.303817384382466,3.01358342666529e-05,0.00151908692191233,0.484656423324002,0.252282227663453,0.249425442405525,0.294423813853801,-0.235230980918477,0.301872834890402,0.777777777777778,1.092906420717,0.208488493505013,0.34946073086135,0.239236927295697,0.0745594822489168,9,2
1,2,25,0,0.107778052579626,0.353301726408552,0.00431112210318503,0.0141320690563421,0.686205210824846,0.239968131823505,0.447497448954998,0.314842638736236,-0.238707761869849,0.379038446030039,0.625,0.517549169506766,0.409272646031785,0.709223653433432,0.654836233650856,0.82416134038411,8,2
1,2,50,0,-0.0175221698677733,0.330178989814693,-0.000350443397355467,0.00660357979629386,0.522667641424038,0.37744699029493,0.260872487442522,0.452114433146499,-0.261795153981516,0.276012039989584,0.2,0.447213595499958,0.031330093009702,0.0700562177110847,0.15665046504851,NaN,5,2
1,2,100,0,-0.0367813195866952,0.409894960528794,-0.000367813195866952,0.00409894960528794,0.655467558432198,0.360504334608516,0.28713685850999,0.319472560855406,-0.368330699922208,0.462445483987516,0.888888888888889,1.69148192751537,0.716287558931098,1.60095012175821,0.767421355314807,0.452067145454022,9,2
1,2,200,0,-0.137218687245048,0.483566264829183,-0.000686093436225242,0.00241783132414592,0.811878697449914,0.388922024962346,0.294336404804651,0.332050897251732,-0.517542292645263,0.576120180060458,0.5,0.836660026534076,0.314050725063152,0.628352853542886,0.863796573937484,0.999969722036932,6,2
2,1,25,0,-0.150257963178493,0.139850855038977,-0.00601031852713973,0.00559403420155908,0.329141683869843,0.207281158755433,0.0209270518470198,0.0694071789448785,-0.308214632022824,0.228775379294807,0,0,0,0,NaN,-0,11,2
2,1,50,0,-0.119209564476606,0.196648236769815,-0.00238419128953212,0.00393296473539629,0.316200310191794,0.258470770398851,0.0479676505285344,0.131623729259084,-0.268232659663259,0.279418206477494,0,0,0,0,NaN,-0,10,2
2,1,100,0,-0.0458829929187778,0.125096082110003,-0.000458829929187778,0.00125096082110003,0.207726928347736,0.111256524519371,0.0642734948908663,0.0998718481053145,-0.143453433456869,0.150625980339935,0,0,0,0,NaN,-0,11,2
2,1,200,0,-0.0910317179694241,0.213773861296497,-0.000455158589847121,0.00106886930648248,0.433810603597652,0.297085262051125,0.136672793866594,0.139844368430111,-0.297137809731058,0.321810643326014,0.181818181818182,0.404519917477945,0.0520479180573566,0.115800238914509,0.286263549315461,0.00146884592800229,11,2
2,2,25,0,0.0993682343616682,0.096638501751466,0.00397472937446673,0.00386554007005864,0.222760498226768,0.163424655203383,0.208116218462646,0.168487998155013,-0.0146442797641221,0.0391013056394376,0.0909090909090909,0.301511344577764,0.00447504414964778,0.0148420423646567,0.0492254856461255,NaN,11,2
2,2,50,0,0.0750156302875424,0.0992002551216828,0.00150031260575085,0.00198400510243366,0.150620083021614,0.159449531988535,0.14363391579293,0.164871013199985,-0.00698616722868394,0.0217161778629087,0,0,0,0,NaN,-0,10,2
2,2,100,0,0.0250829529395675,0.0979627526010539,0.000250829529395675,0.000979627526010539,0.135758889707272,0.117099807344177,0.0885381464402724,0.130716301137138,-0.0472207432669993,0.076311565822823,0,0,0,0,NaN,-0,11,2
2,2,200,0,0.0696454520989266,0.139237111701184,0.000348227260494633,0.000696185558505918,0.207037705127076,0.207323848402426,0.166976294596374,0.222552932937375,-0.0400614105307024,0.082260949098126,0.0909090909090909,0.301511344577764,0.0240215360606198,0.0796704220010679,0.264236896666818,NaN,11,2
3,1,25,0,0.0662794033367316,0.328760441114039,0.00265117613346926,0.0131504176445616,0.687506405646197,0.464767239285225,0.409450565442689,0.40427297880911,-0.278055840203508,0.336122813517747,0.818181818181818,1.32801971507819,0.373298372608483,0.569502906152691,0.483026342790785,0.0716072661109015,11,2
3,1,50,0,0.0339193768121278,0.302687046587923,0.000678387536242555,0.00605374093175846,0.570389417128811,0.364287860178434,0.301254058075687,0.385110284126708,-0.269135359053124,0.240469388742703,0.6,0.843274042711568,0.233440387636448,0.32470748104054,0.400594424846749,0.119988447026086,10,2
3,1,100,0,0.0184448858217102,0.40231705489091,0.000184448858217102,0.0040231705489091,0.575274086015607,0.346990219837871,0.309963440286873,0.360872723740752,-0.265310645728734,0.399195594248285,0.583333333333333,0.792961461098759,0.240708667372335,0.348745181250423,0.414451035472448,0.126150391662709,12,2
3,1,200,0,-0.0146783137419015,0.317534154700221,-7.33915687095074e-05,0.00158767077350111,0.579251941287561,0.364712300831354,0.283813024916573,0.246498317037054,-0.295438916370988,0.393717113613572,0.666666666666667,0.707106781186548,0.173213122841817,0.246223178294666,0.246012200464386,0.178872094377818,9,2
3,2,25,0,0.00321819336978514,0.134274622130395,0.000128727734791406,0.0053709848852158,0.236341174316378,0.226243184801215,0.120694914346488,0.145480577872638,-0.11564625996989,0.1777844322452,0.444444444444444,1.0137937550497,0.185957209967359,0.392973074824285,0.467763652631215,0.139610965466434,9,2
3,2,50,0,0.0307914935856181,0.215160138026433,0.000615829871712361,0.00430320276052865,0.290050877595621,0.24715491272423,0.163210796253365,0.26224978137201,-0.126840081342256,0.18866168431228,0.272727272727273,0.467099366496914,0.0907009245774192,0.168984911643659,0.33257005678387,0.148734176529233,11,2
3,2,100,0,0.0662903686371437,0.143349472523925,0.000662903686371437,0.00143349472523925,0.234766874989806,0.16313655040142,0.174863216207233,0.187696228507081,-0.0599036587825725,0.119323461530279,0,0,0,0,NaN,-0,12,2
3,2,200,0,-0.00966044191114857,0.144398185368989,-4.83022095557428e-05,0.000721990926844944,0.226883745491408,0.141770241257404,0.100941308092389,0.153143990765274,-0.125942437399019,0.140815645464631,0.181818181818182,0.404519917477945,0.0549811775309659,0.140372340933675,0.302396476420312,0.217735876232571,11,2
4,1,25,0,0.0478221280201129,0.24739930201556,0.00191288512080452,0.00989597208062241,0.420297447872644,0.164179662149911,0.247484435194294,0.215488225394794,-0.17281301267835,0.248719355346735,1.14285714285714,0.690065559342354,0.4265419414226,0.28928534775248,0.398184069291019,0.230418917032858,7,2
4,1,50,0,0.0141109906488386,0.13544950821449,0.000282219812976772,0.00270899016428981,0.238659973605031,0.167154489791588,0.127931655807274,0.139212133931213,-0.110728317797757,0.149147867314415,0.666666666666667,1,0.19611385285303,0.306203906012573,0.294170779279546,0.0849963803665882,9,2
4,1,100,0,0.0070913596507465,0.183630039604871,7.0913596507465e-05,0.00183630039604871,0.250039463886913,0.170535438645677,0.124462491209584,0.183869469665915,-0.125576972677328,0.14707818310204,1.28571428571429,1.11269728052837,0.364264097027456,0.384417689077352,0.275338744942446,0.167737179540288,7,2
4,1,200,0,0.0142852338828548,0.160071382052799,7.14261694142738e-05,0.000800356910263996,0.27630830230581,0.13814962144448,0.154457082393563,0.196946771506,-0.121851219912247,0.128455794982914,0.714285714285714,0.755928946018455,0.452630789879143,0.597023655309068,0.739469513534881,0.646144246710557,7,2
4,2,25,0,0.0328253124327739,0.327078281925094,0.00131301249731095,0.0130831312770038,0.476694992279784,0.34588136362242,0.268406512273179,0.362739021060448,-0.208288480006605,0.331700656534431,0.2,0.421637021355784,0.0709206006403903,0.153587168104285,0.354603003201952,0.105412997533021,10,2
4,2,50,0,-0.0806623699175022,0.442318691142067,-0.00161324739835004,0.00884637382284135,0.697499968359639,0.463178961630139,0.275693984574185,0.473802632942175,-0.421805983785454,0.495865339346619,0,0,0,0,NaN,-0,11,2
4,2,100,0,0.0910708238262229,0.432964860639221,0.00091070823826223,0.00432964860639221,0.676105220905447,0.387260409990293,0.423804070843879,0.51488170419603,-0.252301150061568,0.346561993984262,0.0909090909090909,0.301511344577764,0.0204708516732445,0.0678941341391711,0.22517936840569,NaN,11,2
4,2,200,0,0.119184853687021,0.314583817974696,0.000595924268435106,0.00157291908987348,0.534262135385861,0.362708582987457,0.370764555961537,0.415467863942491,-0.163497579424323,0.256603213750493,0.272727272727273,0.467099366496914,0.114314873544138,0.225392962374792,0.419154536328505,0.249694906189618,11,2
5,1,25,0,0.0479174683709259,0.0665713205237002,0.00191669873483703,0.00266285282094801,0.132868497257065,0.0769627113942903,0.112069636174042,0.0817124088940172,-0.0207988610830227,0.0661389970108189,0,0,0,0,NaN,-0,11,2
5,1,50,0,0.0666713467769179,0.0988997945234312,0.00133342693553836,0.00197799589046862,0.18244508471258,0.132767550772858,0.155657264768625,0.158363223738231,-0.0267878199439547,0.0405694485567794,0,0,0,0,NaN,-0,12,2
5,1,100,0,-0.0171726503644701,0.0921570967293511,-0.000171726503644701,0.000921570967293511,0.123676417370949,0.1257859422503,0.0452871407764677,0.049835553235337,-0.0783892765944815,0.145203418074204,0,0,0,0,NaN,-0,12,2
5,1,200,0,0.0344081527032341,0.126223677028001,0.000172040763516171,0.000631118385140004,0.190661319694055,0.14690590791191,0.127140329170653,0.163754013155517,-0.0635209905234018,0.111294682536184,0,0,0,0,NaN,-0,12,2
5,2,25,0,-0.0278251634906588,0.172656199337042,-0.00111300653962635,0.00690624797348169,0.294831008153612,0.121269598281902,0.121250259639716,0.133806714793261,-0.173580748513896,0.207617057007304,0,0,0,0,NaN,-0,11,2
5,2,50,0,-0.0333293760376443,0.256576031048814,-0.000666587520752886,0.00513152062097628,0.460258183503919,0.129968944617443,0.192753069366475,0.211090958689083,-0.267505114137444,0.291259995486846,0,0,0,0,NaN,-0,12,2
5,2,100,0,0.0070527703134664,0.264770912566621,7.05277031346639e-05,0.00264770912566621,0.427914731402056,0.196448152021013,0.216406219270674,0.282274767082325,-0.211508512131382,0.233645115600343,0.166666666666667,0.577350269189626,0.0236718491684907,0.0820016909378658,0.142031095010944,NaN,12,2
5,2,200,0,-0.0364241628059587,0.234214601700133,-0.000182120814029793,0.00117107300850066,0.38401830030582,0.189165216373605,0.160332473587089,0.255662126402805,-0.223685826718731,0.222084174127921,0,0,0,0,NaN,-0,11,2
6,1,25,0,0.0610632162243858,0.247502454878226,0.00244252864897543,0.00990009819512905,0.834703589972111,0.597734402278674,0.485415477360377,0.364223539191281,-0.349288112611734,0.406674242024215,1.2,0.836660026534076,0.290779858240581,0.307973128772431,0.207878451584145,0.126818304184706,5,2
6,1,50,0,0.15385038944517,0.151286941863211,0.00307700778890341,0.00302573883726422,1.08385131606872,0.242508203554843,0.66657411037662,0.166358669934924,-0.417277205692099,0.177161675623984,2.28571428571429,0.951189731211342,0.627323159937743,0.132551827795349,0.305422702164966,0.103495222957768,7,2
6,1,100,0,-0.129442231494177,0.206185268397463,-0.00129442231494177,0.00206185268397463,0.472463569665551,0.586879834417488,0.124849216952402,0.124657125859929,-0.347614352713149,0.468852406812597,1.5,1.73205080756888,0.545450767938534,0.639450226172314,0.363633845292356,0.0637909905485831,4,2
6,1,200,0,-0.0376797438949291,0.260892204823542,-0.000188398719474646,0.00130446102411771,0.646492354815226,0.476054629347912,0.312646024871176,0.30075096701225,-0.33384632994405,0.322783543719845,1.5,1.22474487139159,0.444464356295269,0.386637806204635,0.290882073935645,0.0902887809510758,6,2
6,2,25,0,0.0239329717569628,0.0784006817876004,0.00095731887027851,0.00313602727150402,0.163935018533602,0.113378226795101,0.100923575895675,0.109141989567601,-0.0630114426379264,0.0804232147348489,0.166666666666667,0.389249472080761,0.0607809460879192,0.142207020443329,0.364685676527515,0.0281389206706719,12,2
6,2,50,0,-0.0396102641511651,0.175310682002992,-0.000792205283023303,0.00350621364005984,0.354635532364825,0.277253380924021,0.143777344137535,0.156245125649643,-0.21085818822729,0.252363567131096,0.5,0.904534033733291,0.196073701740392,0.312312392313062,0.450322228279808,0.195441761981993,12,2
6,2,100,0,-0.0303783827644207,0.186269424988841,-0.000303783827644207,0.00186269424988841,0.286844406586818,0.160939636605381,0.115114615651502,0.153346698712659,-0.171729790935316,0.215212914526275,0,0,0,0,NaN,-0,10,2
6,2,200,0,-0.0490915584015917,0.180308755571856,-0.000245457792007959,0.000901543777859279,0.259045375807026,0.16138553491364,0.0920914460211607,0.166912674497294,-0.166953929785865,0.181050448219654,0.222222222222222,0.666666666666667,0.0766157683769598,0.229847305130879,0.344770957696319,NaN,9,2
7,1,25,0,0.0957701581780774,0.160367162296678,0.0038308063271231,0.0064146864918671,0.377193531572682,0.364631063571575,0.273067224653445,0.287626250572118,-0.104126306919236,0.146108467564061,0.583333333333333,0.668557923421521,0.200607481210807,0.218419990736686,0.371338452778093,0.129572871817322,12,2
7,1,50,0,0.133132062077933,0.146846908976827,0.00266264124155866,0.00293693817953654,0.421214322873693,0.228893540748014,0.329239559772094,0.220177943911985,-0.0919747631015993,0.126011900487758,0.5,0.522232967867094,0.170482404252733,0.194842732939529,0.340964808505466,0.117328252740151,12,2
7,1,100,0,0.0158721461059262,0.190066334343996,0.000158721461059262,0.00190066334343996,0.307510227315298,0.163921036407907,0.171721745980436,0.208605623636707,-0.135788481334862,0.172032967498752,0.181818181818182,0.404519917477945,0.0525156572973309,0.131702459452906,0.28883611513532,0.19219680622111,11,2
7,1,200,0,0.0557649613009666,0.117202182606136,0.000278824806504833,0.000586010913030679,0.262960911904522,0.245166945516423,0.184478000269058,0.206469470371089,-0.0784829116354646,0.0932767682254394,0.363636363636364,0.504524979109513,0.144011781540105,0.237538877686502,0.396032399235288,0.234530640923027,11,2
7,2,25,0,-0.0919032532782293,0.172932917285928,-0.00367613013112917,0.00691731669143712,0.249271970680292,0.231841882474892,0.0387080377158064,0.0561766996420877,-0.210563932964486,0.256372334005143,0.4,0.699205898780101,0.13437002121709,0.228006946524709,0.35622994413148,0.142909217247129,10,2
7,2,50,0,-0.127208387470308,0.224538827554932,-0.00254416774940616,0.00449077655109865,0.599032246907338,0.313853845921753,0.19423688622129,0.188064282700729,-0.404795360686048,0.309188345884085,1.25,1.58113883008419,0.428763551584154,0.611970247922631,0.315286734586456,0.120475589210721,8,2
7,2,100,0,0.0274415375255856,0.122030329064418,0.000274415375255856,0.00122030329064418,0.277027665660288,0.1951747517931,0.158870602439226,0.164058758381096,-0.118157063221062,0.12648432331745,0.5,1.08012344973464,0.16727223780811,0.36100885473589,0.334822946209623,0.00196908444956524,10,2
7,2,200,0,-0.0559284663095417,0.139257114033219,-0.000279642331547709,0.000696285570166094,0.254997462858169,0.161581537634338,0.0730529717070889,0.13353487194106,-0.18194449115108,0.163471624741631,0.3,0.674948557710553,0.118403841161464,0.267351470082848,0.393235320039343,0.0061270116648356,10,2
8,1,25,0,0.281774789193893,0.199144323646736,0.0112709915677557,0.00796577294586943,0.612607566370214,0.36898719933982,0.564079118547062,0.357539661929619,-0.0485284478231518,0.077324352655604,0.714285714285714,0.487950036474267,0.393394425633855,0.303577193476784,0.550752195887397,0.172937117805887,7,2
8,1,50,0,0.0180317093308782,0.196958025963076,0.000360634186617564,0.00393916051926151,0.383011736898678,0.157089328413255,0.21562535034427,0.196611088137131,-0.167386386554408,0.19600167585547,0.555555555555556,0.52704627669473,0.260722330355287,0.309635947638346,0.469300194639517,0.26342323313859,9,2
8,1,100,0,0.0808883076399868,0.20657004253509,0.000808883076399869,0.0020657004253509,0.425633186219866,0.213220164539139,0.281320822056433,0.260046243775234,-0.144312364163433,0.167320221216006,0.4,0.516397779494322,0.169385000729069,0.265982904421319,0.423462501822673,0.262267657123916,10,2
8,1,200,0,0.0867375921147847,0.289739569239864,0.000433687960573924,0.00144869784619932,0.431579960423685,0.329778992792486,0.297285106162151,0.302646797569487,-0.134294854261533,0.313457033899181,0.5,0.534522483824849,0.207186522060332,0.320600120938315,0.414373044120664,0.354062623195381,8,2
8,2,25,0,-0.0653849381695673,0.149832193220234,-0.00261539752678269,0.00599328772880937,0.257826707164851,0.165806552574231,0.0722589113115416,0.177481835637721,-0.185567795853309,0.158895724959827,0.0833333333333333,0.288675134594813,0.0286697765998885,0.0993150194253125,0.344037319198662,NaN,12,2
8,2,50,0,-0.0372061514105293,0.123049321227786,-0.000744123028210586,0.00246098642455572,0.191056118914294,0.143700904477329,0.0568977490599578,0.0967539019859182,-0.134158369854336,0.166564165726397,0.0909090909090909,0.301511344577764,0.0477487405058551,0.158364656469966,0.525236145564406,NaN,11,2
8,2,100,0,-0.110006115682537,0.104527643254011,-0.00110006115682537,0.00104527643254011,0.284687735931104,0.161053035572621,0.0425590021597465,0.104058146330905,-0.242128733771358,0.140145361310268,0.25,0.621581560508061,0.0718000298569801,0.201398703123239,0.388498231750648,0.429771492868781,12,2
8,2,200,0,-0.0888225791978263,0.181855490140331,-0.000444112895989132,0.000909277450701654,0.274471939825175,0.252878528047142,0.0547715324623857,0.0856833094395505,-0.21970040736279,0.290018396194191,0.125,0.353553390593274,0.0382014143076708,0.108049916431483,0.305611314461366,NaN,8,2
9,1,25,0,-0.105236947322403,0.249039990035726,-0.00420947789289613,0.00996159960142903,0.478912820890622,0.324647128464878,0.145042261599984,0.228065138604565,-0.333870559290638,0.32058070937203,0.6,0.699205898780101,0.277989819719566,0.330749067778937,0.504486537836406,0.267366374786509,10,2
9,1,50,0,0.0580519451408052,0.304983716451373,0.0011610389028161,0.00609967432902745,0.438152339000374,0.292489541325266,0.283402911286304,0.299231286344413,-0.154749427714071,0.30572785432602,0.3,0.483045891539648,0.132921871626294,0.216993796269312,0.44307290542098,0.0758887659212881,10,2
9,1,100,0,0.181297333254441,0.207869079240435,0.00181297333254441,0.00207869079240435,0.44043572347596,0.208515876320667,0.367434099694996,0.25151852319543,-0.0730016237809642,0.18861484801944,0.5,0.755928946018454,0.164344261368786,0.233207101291167,0.375060452018006,0.182957182361348,8,2
9,1,200,0,-0.14330659114267,0.205102915285559,-0.000716532955713352,0.0010255145764278,0.373594296014383,0.285914494268852,0.0543583942180372,0.0726012778555778,-0.319235901796346,0.335424818481934,0.3,0.674948557710553,0.129419755210269,0.281274379896679,0.449070388464214,0.0749725709050593,10,2
9,2,25,0,0.127506806293714,0.241204345126204,0.00510027225174857,0.00964817380504815,0.400980788513304,0.286098673797558,0.314686952258988,0.237608216076702,-0.0862938362543158,0.288866882107029,0.166666666666667,0.389249472080761,0.0660302597133068,0.154934435913937,0.396181558279841,0.0495152691930896,12,2
9,2,50,0,0.00542490469048673,0.179787340708524,0.000108498093809735,0.00359574681417048,0.259841699004664,0.185912141745542,0.134502357451449,0.165943015381183,-0.125339341553215,0.210035238279957,0.0909090909090909,0.301511344577764,0.0393438199581081,0.130488688620341,0.432782019539189,NaN,11,2
9,2,100,0,0.0942394419461758,0.131074242001706,0.000942394419461758,0.00131074242001706,0.225920794141771,0.163796227834536,0.196330340264896,0.183924110018902,-0.0295904538768747,0.0768839035487153,0.2,0.421637021355784,0.0776406404939407,0.165841583210585,0.388203202469703,0.0800506979592829,10,2
9,2,200,0,-0.0110278625939696,0.242775401828143,-5.51393129698478e-05,0.00121387700914071,0.36333363287581,0.289611203583013,0.172730186282082,0.270072761210035,-0.190603446593728,0.241594483367968,0.25,0.452267016866646,0.102853382657355,0.187601501180128,0.41141353062942,0.0561252885482265,12,2
10,1,25,0,-0.103070258019206,0.264841583644528,-0.00412281032076826,0.0105936633457811,0.452411124591435,0.258834160671207,0.13061115138283,0.184036051182192,-0.321799973208605,0.349364546848247,0.181818181818182,0.404519917477945,0.0502261572073268,0.14432439533066,0.276243864640298,0.28883092098797,11,2
10,1,50,0,-0.133820933196322,0.361776484381272,-0.00267641866392644,0.00723552968762544,0.625561133593248,0.307978586865446,0.171123413168358,0.307878685098438,-0.45443772042489,0.415779375644016,0.1,0.316227766016838,0.0682052095080014,0.215683810334257,0.682052095080014,NaN,10,2
10,1,100,0,-0.133467807718622,0.266210232545039,-0.00133467807718622,0.00266210232545039,0.435414749205022,0.316552671865931,0.0964832617361056,0.155226634178315,-0.338931487468916,0.386895361555668,0.111111111111111,0.333333333333333,0.0217704479273233,0.0653113437819698,0.195934031345909,NaN,9,2
10,1,200,0,-0.0532774225867138,0.370483291089316,-0.000266387112933569,0.00185241645544658,0.618445884448648,0.235232285152395,0.254340260125819,0.307694160777608,-0.364105624322829,0.407984363355492,0,0,0,0,NaN,-0,10,2
10,2,25,0,0.0668129321020779,0.255508211113822,0.00267251728408311,0.0102203284445529,0.3863795058439,0.291379287580419,0.25742021407186,0.344438381968987,-0.128959291772041,0.196706166816577,0,0,0,0,NaN,-0,12,2
10,2,50,0,0.129408875075698,0.292255932361674,0.00258817750151396,0.00584511864723348,0.517075233357632,0.282486596115228,0.38687763062261,0.341147063977479,-0.130197602735022,0.258853678238556,0.272727272727273,0.467099366496914,0.145602561331888,0.262995753548048,0.533876058216923,0.18681259561631,11,2
10,2,100,0,0.124269507805206,0.226977512472235,0.00124269507805206,0.00226977512472235,0.361771219880068,0.295498111172169,0.293340030223642,0.333870026491767,-0.0684311896564261,0.143031308496301,0.1,0.316227766016838,0.0441338235129632,0.139563404152858,0.441338235129632,NaN,10,2
10,2,200,0,0.134580878840753,0.22358608702686,0.000672904394203764,0.0011179304351343,0.405200938453608,0.284830435479445,0.329139183232673,0.342252448040016,-0.0760617552209341,0.118525488044717,0.166666666666667,0.389249472080761,0.0893623184798581,0.211725382986241,0.536173910879148,0.118180277380108,12,2
