sub,timeWindow,exp,afterReversalD,rotationSpeed,torsionVelTMean,torsionAngleSameMean,torsionAngleAntiMean,torsionAngleTotalMean,perceptualErrorMean,sacNumTMean,sacAmpSumTMean
1,-1,2,-1,25,-0.711523150374615,0.0499839322080347,-0.405504885405972,0.455488817614007,9.36845153396709,0.315789473684211,0.0623146854622074
1,-1,2,1,25,0.578741695626036,0,0,0.42971800359529,11.2641162831035,0.2,0.0928641133038383
1,-1,2,0,25,-0.0498488703742816,0.0243511464603246,-0.197553662120858,0.442273015553126,10.340587302755,0.256410256410256,0.0779810587143258
1,-1,2,-1,50,-0.655906896649211,0.0696623943231327,-0.415348679958757,0.48501107428189,12.7085084305026,0.428571428571429,0.136106541634307
1,-1,2,1,50,0.62805512792599,0,0,0.4465448127256,11.0939412361725,0.333333333333333,0.089622952030252
1,-1,2,0,50,-0.0139258843616105,0.0348311971615663,-0.207674339979379,0.465777943503745,11.9012248333375,0.380952380952381,0.11286474683228
1,-1,2,-1,100,-0.668005265327145,0.0660191474052897,-0.416816229473917,0.482835376879206,13.7812211744247,0.478260869565217,0.210446442548014
1,-1,2,1,100,0.862227821213306,0,0,0.52791464258267,12.3080168172525,0.454545454545455,0.133685062520298
1,-1,2,0,100,0.0801086880926315,0.0337431197849258,-0.213039406175557,0.504874129000899,13.0609879331406,0.466666666666667,0.172918656756686
1,-1,2,-1,200,-0.557332963204304,0.130211083527407,-0.404053075199847,0.534264158727254,12.9268975938217,0.5,0.175719851178973
1,-1,2,1,200,0.676420733003498,0,0,0.455284607642323,14.0787013635176,0.521739130434783,0.131906160300362
1,-1,2,0,200,0.0464188455782374,0.0664907660565481,-0.206324974570135,0.495614591175053,13.4905462470771,0.51063829787234,0.154279108834121
2,-1,2,-1,25,-0.240882107474226,0.0542084107961708,-0.195485754167862,0.249694164964032,3.13200095288344,0.03125,0.0115483624249361
2,-1,2,1,25,0.0342351451460544,0,0,0.145388995197171,1.56031837823228,0.0689655172413793,0.0228741357964968
2,-1,2,0,25,-0.110088659507207,0.0284371991061879,-0.102549903825764,0.200106461304377,2.38480759772142,0.0491803278688525,0.0169327464868256
2,-1,2,-1,50,-0.148604693992477,0.0768230240404327,-0.154289075260713,0.231112099301146,3.8626492656151,0.0666666666666667,0.0241251612588249
2,-1,2,1,50,0.145390796220845,0,0,0.209275837761233,2.08079705540542,0.1,0.0281790839308145
2,-1,2,0,50,-0.00160694888581609,0.0384115120202163,-0.0771445376303566,0.220193968531189,2.97172316051026,0.0833333333333333,0.0261521225948197
2,-1,2,-1,100,-0.105620763331567,0.0676975580682835,-0.124571670360833,0.192269228429116,4.73999685656836,0.0645161290322581,0.0289181764869136
2,-1,2,1,100,0.0490628394497391,0,0,0.224987923225582,3.43623157459764,0.0588235294117647,0.0214107732373141
2,-1,2,0,100,-0.0247093403382684,0.0322865276941045,-0.0594111043259356,0.209383622630344,4.0580273244606,0.0615384615384615,0.0249912270948154
2,-1,2,-1,200,-0.0195800967167321,0.100571723626132,-0.103359661667915,0.203931385294047,8.93350425272484,0.0689655172413793,0.0191370387318143
2,-1,2,1,200,0.0361681689705888,0,0,0.200653166214516,5.26756067297342,0.0625,0.0226883781365123
2,-1,2,0,200,0.00966489511923952,0.0478127866419316,-0.0491381998093367,0.202211663809703,7.01038630924869,0.0655737704918033,0.0210000364523116
3,-1,2,-1,25,-0.105707730429582,0.164801972202047,-0.207285380430395,0.372087352632442,5.08398977722818,0.171428571428571,0.0475287061028151
3,-1,2,1,25,0.181720900969221,0,0,0.351856216921142,4.00204546501891,0.103448275862069,0.0501191072979484
3,-1,2,0,25,0.0245333681730005,0.0901260785479945,-0.113359192422872,0.362920119263259,4.59373376075836,0.140625,0.0487024816443599
3,-1,2,-1,50,-0.164333323096864,0.150123667275748,-0.212935139890219,0.363058807165967,6.26989726178327,0.114285714285714,0.0367195929869633
3,-1,2,1,50,0.103762810608085,0,0,0.366184308794064,6.13001537901736,0.0588235294117647,0.0136039156570315
3,-1,2,0,50,-0.0322279818509471,0.0761496862992925,-0.108010578205184,0.364598909417493,6.20096995723195,0.0869565217391304,0.0253292592301853
3,-1,2,-1,100,-0.065761398096243,0.155839431476958,-0.187511439392157,0.343350870869116,9.34241480357453,0.032258064516129,0.0167543176149093
3,-1,2,1,100,0.0705113542501909,0,0,0.34241523801475,8.40064068061876,0.03125,0.0119534986063671
3,-1,2,0,100,0.00345650785750114,0.0766828948537414,-0.0922675336691567,0.342875628784359,8.8640533442954,0.0317460317460317,0.0143158063724752
3,-1,2,-1,200,-0.150935050334945,0.1589349765573,-0.216016312228077,0.374951288785377,11.6500407228917,0.121212121212121,0.0489630902144941
3,-1,2,1,200,0.109112760548827,0,0,0.330877655543829,9.35798994611783,0.0303030303030303,0.0126323007229851
3,-1,2,0,200,-0.0209111448930587,0.0794674882786501,-0.108008156114038,0.352914472164603,10.5040153345048,0.0757575757575758,0.0307976954687396
4,-1,2,-1,25,0.289191745017971,0.289674798042587,-0.135986927792462,0.425661725835048,6.00268071172782,0.523809523809524,0.305496463627418
4,-1,2,1,25,-0.296312333961584,0,0,0.350228949930052,4.85841805865524,0.571428571428571,0.197250630153885
4,-1,2,0,25,-0.00356029447180659,0.144837399021293,-0.0679934638962308,0.38794533788255,5.43054938519152,0.547619047619048,0.251373546890652
4,-1,2,-1,50,0.629454247531518,0.389250077617315,-0.0745226132715414,0.463772690888857,11.6148372394448,0.882352941176471,0.382426305686203
4,-1,2,1,50,-0.563060873656593,0,0,0.395118045918952,7.35078078968002,0.578947368421053,0.298991871976692
4,-1,2,0,50,7.12669044593704e-05,0.183812536652621,-0.0351912340448946,0.427538294932518,9.36436300206895,0.722222222222222,0.33839146567285
4,-1,2,-1,100,0.747562221552864,0.443504617273824,-0.0574178719310037,0.500922489204828,7.3694006747437,0.388888888888889,0.170034388305217
4,-1,2,1,100,-0.292717988530965,0,0,0.348175583665434,4.90149555413927,0.6,0.204173713107104
4,-1,2,0,100,0.200046321508743,0.210081134498127,-0.0271979393357386,0.420529381026199,6.07050324284663,0.5,0.188002453990421
4,-1,2,-1,200,0.334025383594951,0.297674583226215,-0.101904313901189,0.399578897127404,11.8025384144253,0.272727272727273,0.156754617109653
4,-1,2,1,200,-0.509849593153038,0,0,0.353128353992858,9.36803106645199,0.4375,0.172842905054142
4,-1,2,0,200,-0.0212903960884128,0.172337916604651,-0.0589972343638463,0.380020773702332,10.7774826889629,0.342105263157895,0.16352863308628
5,-1,2,-1,25,0.530261660355423,0.310546753061476,-0.0190656150407288,0.329612368102205,2.52666141165462,0.153846153846154,0.0566746726369081
5,-1,2,1,25,-0.457243253491345,0,0,0.251438359006972,3.46034496729852,0,0
5,-1,2,0,25,0.00957725123621766,0.146803919629061,-0.00901283620107181,0.288393345124718,3.01896728644868,0.0727272727272727,0.0267916634283566
5,-1,2,-1,50,0.420561294725753,0.239741537022203,-0.00206775525120589,0.241809292273409,3.68080294924729,0.0416666666666667,0.0130386488872406
5,-1,2,1,50,-0.366260304635165,0,0,0.247038184148394,5.06839283375901,0.103448275862069,0.0557348060729883
5,-1,2,0,50,-0.00996373133965455,0.108562205444016,-0.000936342000546065,0.244670384054061,4.44005024454615,0.0754716981132075,0.0364006971586875
5,-1,2,-1,100,0.379026479336601,0.240807955396768,-0.0156002382345571,0.256408193631325,4.08795576045027,0.0416666666666667,0.00860925324110883
5,-1,2,1,100,-0.504195850630809,0,0,0.300340140712889,6.85229742139775,0.107142857142857,0.0322004261575377
5,-1,2,0,100,-0.096554775261235,0.111142133260047,-0.00720010995441096,0.280063857444475,5.57644742403737,0.0769230769230769,0.0213121925038013
5,-1,2,-1,200,0.496492543893078,0.317300996574081,-0.0169917574211304,0.334292753995211,6.25197938770844,0.0416666666666667,0.0124885200059989
5,-1,2,1,200,-0.494607640950257,0,0,0.263974715748107,10.2574963801634,0.137931034482759,0.037446110195755
5,-1,2,0,200,-0.0458075572476145,0.143683470146754,-0.00769438071900243,0.295816846275097,8.44367736471209,0.0943396226415094,0.0261445599211485
6,-1,2,-1,25,-0.01004253411681,0.123867701803801,-0.142238037288897,0.266105739092698,6.04902201939356,0.416666666666667,0.123016706186809
6,-1,2,1,25,-0.0608344858624184,0,0,0.215997284223702,4.87818780346632,0.3125,0.133996567404437
6,-1,2,0,25,-0.039066506542872,0.0530861579159147,-0.0609591588380987,0.237472336310414,5.37997389600657,0.357142857142857,0.129290912596882
6,-1,2,-1,50,0.0944499332401364,0.155054988012678,-0.121303333182715,0.276358321195393,6.39543965888969,0.529411764705882,0.291821972630405
6,-1,2,1,50,-0.171076644017728,0,0,0.171161241531923,6.24970941469331,0.176470588235294,0.0789751564841704
6,-1,2,0,50,-0.0383133553887955,0.0775274940063388,-0.0606516665913577,0.223759781363658,6.3225745367915,0.352941176470588,0.185398564557288
6,-1,2,-1,100,0.13453149365355,0.194382521985805,-0.111256593691364,0.305639115677169,7.90646733337132,0.5,0.181842759422943
6,-1,2,1,100,0.0569999195000171,0,0,0.286193685291725,6.68322129398591,0.473684210526316,0.172026085007163
6,-1,2,0,100,0.0924429248273463,0.0888605814792251,-0.0508601571160521,0.295083024896499,7.24241948341924,0.485714285714286,0.176513707597234
6,-1,2,-1,200,0.0587158656035723,0.164641481708612,-0.140462680546969,0.305104162255581,10.2348770132685,0.263157894736842,0.0981460068960647
6,-1,2,1,200,-0.149251990302023,0,0,0.269788853200121,8.25090970507644,0.478260869565217,0.187077821090596
6,-1,2,0,200,-0.0551712935828251,0.0744806702967529,-0.0635426411998194,0.285764826344258,9.14841872544905,0.380952380952381,0.146846762288308
7,-1,2,-1,25,0.679552701683921,0.386318763895007,-0.0232645711295767,0.409583335024584,2.84829943467813,0.25,0.0706273693583936
7,-1,2,1,25,-0.529343722253284,0,0,0.373581105463174,2.15180657498223,0.25,0.101756942866636
7,-1,2,0,25,0.00794357727436275,0.171697228397781,-0.010339809390923,0.389582096379356,2.46135895706929,0.25,0.0879215768629725
7,-1,2,-1,50,0.840758691532975,0.484619482314477,-0.015843123837389,0.500462606151866,4.90121797685831,0.2,0.08945610273917
7,-1,2,1,50,-0.703244743532239,0,0,0.427464785596953,4.00093219504833,0.473684210526316,0.171675541909124
7,-1,2,0,50,0.0885518898345375,0.248522811443321,-0.00812467889096872,0.464899565368703,4.46261721136114,0.333333333333333,0.129511726950173
7,-1,2,-1,100,0.611603338678744,0.343045144274036,-0.0282334494791863,0.371278593753222,5.01618533339504,0.210526315789474,0.0747465028288164
7,-1,2,1,100,-0.858882245400348,0,0,0.552470581668587,5.45728688641887,0.363636363636364,0.122216883972769
7,-1,2,0,100,-0.177437706436866,0.158972140029431,-0.0130837936610863,0.46850356287854,5.25287397160295,0.292682926829268,0.100218414662157
7,-1,2,-1,200,0.643736319360227,0.354865882567637,-0.00788659053967864,0.362752473107315,7.23568043622338,0.25,0.108485397672811
7,-1,2,1,200,-0.745865715027349,0,0,0.459605887342825,6.50020160649983,0.421052631578947,0.137460705958279
7,-1,2,0,200,-0.0332492871362842,0.181982503880839,-0.0040444054049634,0.409937469786153,6.87737023712729,0.333333333333333,0.122601573504193
8,-1,2,-1,25,0.33144959536892,0.309731190247913,-0.133730726612155,0.443461916860068,5.83316496891038,0.136363636363636,0.0967435625240425
8,-1,2,1,25,-0.271168076205459,0,0,0.337079292298083,4.75793722934948,0.291666666666667,0.139560350406557
8,-1,2,0,25,0.0170403754170703,0.148132308379437,-0.0639581735971176,0.387957938827728,5.27217658305252,0.217391304347826,0.119082756201876
8,-1,2,-1,50,0.530868128884152,0.398045578810737,-0.104372018823593,0.50241759763433,8.39438190281938,0.28,0.113963542642651
8,-1,2,1,50,-0.484215907453143,0,0,0.367008192934775,6.00837336758423,0.137931034482759,0.090214424017507
8,-1,2,0,50,-0.0142695943340253,0.184280360560526,-0.048320379084997,0.429697732147532,7.11300694871161,0.203703703703704,0.101209386343962
8,-1,2,-1,100,0.454896694148256,0.33757599821898,-0.0624347281672032,0.400010726386183,9.72972400192033,0.230769230769231,0.108971317931942
8,-1,2,1,100,-0.257942143869576,0,0,0.345714909450299,8.18767714427794,0.333333333333333,0.202535249884443
8,-1,2,0,100,0.0917523804410585,0.165603319881009,-0.0306283572140997,0.372350593230167,8.94415296123458,0.283018867924528,0.156635962511518
8,-1,2,-1,200,0.367913683131459,0.342522456350926,-0.120379080095268,0.462901536446194,14.837076365308,0.347826086956522,0.206778910320483
8,-1,2,1,200,-0.151909826756,0,0,0.378840921547195,9.36637730689026,0.344827586206897,0.115799978063061
8,-1,2,0,200,0.0780121103096069,0.15150031723214,-0.0532445931190609,0.416021578137137,11.7861095827289,0.346153846153846,0.156040659638459
9,-1,2,-1,25,0.0828284148433283,0.260475244987427,-0.242045957534739,0.502521202522166,8.46037068506254,0.538461538461538,0.400514838408448
9,-1,2,1,25,0.0511004182674596,0,0,0.390050022751078,8.0878506289131,0.515151515151515,0.271493656835219
9,-1,2,0,25,0.065082247266995,0.1147857011809,-0.106664320269546,0.439613593497659,8.25201200958912,0.525423728813559,0.328350448714947
9,-1,2,-1,50,-0.241601582546204,0.229814817094498,-0.298040400540891,0.527855217635388,10.4028618879967,0.608695652173913,0.384240205473112
9,-1,2,1,50,0.0775893388822674,0,0,0.542113315128676,10.778221567272,0.565217391304348,0.260879017031274
9,-1,2,0,50,-0.0820061218319682,0.114907408547249,-0.149020200270445,0.534984266382032,10.5905417276343,0.58695652173913,0.322559611252193
9,-1,2,-1,100,0.0482817718889121,0.250336380721368,-0.196518438167336,0.446854818888704,13.1449048254215,0.434782608695652,0.305041341117597
9,-1,2,1,100,-0.0468696354187247,0,0,0.457591152461949,12.0268322750119,0.4,0.207687046713799
9,-1,2,0,100,-0.00127625275048206,0.119952849095655,-0.0941650849551821,0.452446659291436,12.5625753720832,0.416666666666667,0.254335979448952
9,-1,2,-1,200,0.0138211183311294,0.226817072195202,-0.225273539502405,0.452090611697607,14.8619207278252,0.392857142857143,0.225267643822183
9,-1,2,1,200,0.311581932718648,0,0,0.445692980573058,11.8241837404053,0.518518518518518,0.316094236340137
9,-1,2,0,200,0.159994609030457,0.115470509481194,-0.114684711019406,0.448949956418283,13.37066802491,0.454545454545455,0.269855243785543
10,-1,2,-1,25,-0.848352070878811,0.0344328892698295,-0.45667608273369,0.49110897200352,1.50971058761705,0.166666666666667,0.0935579936971485
10,-1,2,1,25,0.634757413609822,0,0,0.491131685306443,0.559205007178798,0.192307692307692,0.11187108542287
10,-1,2,0,25,-0.0771351389447221,0.0165277868495181,-0.219204519712171,0.49112078292104,1.01544768578916,0.18,0.103080801394524
10,-1,2,-1,50,-0.609537238252011,0.0844180185246124,-0.44682629228572,0.531244310810332,2.59504214312122,0,0
10,-1,2,1,50,0.616913517531711,0,0,0.531482338855095,2.43273860480973,0.230769230769231,0.144594166167936
10,-1,2,0,50,-0.0190239113931819,0.0437723059016509,-0.231687707111114,0.531358916905958,2.51689599504532,0.111111111111111,0.0696194133401175
10,-1,2,-1,100,-0.721352479287685,0.0474649318644705,-0.465658388739483,0.513123320603954,4.14973973566369,0.148148148148148,0.111318784244036
10,-1,2,1,100,0.681087949155678,0,0,0.517321645418489,4.72114697558054,0.0645161290322581,0.0392519638394446
10,-1,2,0,100,0.0282277497079052,0.0220957441438052,-0.216772008551139,0.515367252832412,4.45514705355028,0.103448275862069,0.0728003112691682
10,-1,2,-1,200,-0.887318053344336,0.0236936293176176,-0.530422539350417,0.554116168668035,4.23541320489669,0.173913043478261,0.09553677214867
10,-1,2,1,200,0.688918136500857,0,0,0.558138650999477,5.31118556936648,0.111111111111111,0.085864908059555
10,-1,2,0,200,-0.0361505108279323,0.0108990694861041,-0.243994368101192,0.556288309127014,4.81633028171038,0.14,0.0903139655405479
1,0,2,-1,25,0.0380236929028742,0.037060363427674,-0.0585121198368917,0.0955724832645657,9.36845153396709,0.0526315789473684,0.00961336983130308
1,0,2,1,25,0.587958069489652,0,0,0.135623827959859,11.2641162831035,0,0
1,0,2,0,25,0.320041321921734,0.0180550488493796,-0.0285059045359216,0.116111634390357,10.340587302755,0.0256410256410256,0.00468343658448099
1,0,2,-1,50,-0.250912475867607,0.0406704568665834,-0.0830307450368151,0.123701201903398,12.7085084305026,0,0
1,0,2,1,50,0.624523517743298,0,0,0.116512936742576,11.0939412361725,0.0476190476190476,0.0121957886426285
1,0,2,0,50,0.186805520937846,0.0203352284332917,-0.0415153725184075,0.120107069322987,11.9012248333375,0.0238095238095238,0.00609789432131427
1,0,2,-1,100,-0.0982635207788083,0.0421725325478906,-0.0585844180376846,0.100756950585575,13.7812211744247,0,0
1,0,2,1,100,0.510853159818029,0,0,0.106557002885161,12.3080168172525,0.0454545454545455,0.00350635674058322
1,0,2,0,100,0.199526856401868,0.0215548499689219,-0.0299431469970388,0.103592531709817,13.0609879331406,0.0222222222222222,0.0017142188509518
1,0,2,-1,200,-0.270377727902163,0.0279202581086473,-0.0710664960683427,0.09898675417699,12.9268975938217,0,0
1,0,2,1,200,0.0245290010205619,0,0,0.0904346484275048,14.0787013635176,0,0
1,0,2,0,200,-0.126061669067638,0.0142571530767561,-0.0362892745880899,0.0948016811506462,13.4905462470771,0,0
2,0,2,-1,25,-0.185824470161758,0.0199644860736019,-0.0484573608200807,0.0684218468936827,3.13200095288344,0,0
2,0,2,1,25,0.201666162883321,0,0,0.0509012660050178,1.56031837823228,0,0
2,0,2,0,25,-0.00160761182885167,0.0104731730222174,-0.0254202548564358,0.0600923904056289,2.38480759772142,0,0
2,0,2,-1,50,-0.110112456027529,0.033078920535051,-0.0515636879681567,0.0846426085032077,3.8626492656151,0,0
2,0,2,1,50,0.045675744802823,0,0,0.0694150977191599,2.08079705540542,0,0
2,0,2,0,50,-0.0322183556123532,0.0165394602675255,-0.0257818439840783,0.0770288531111838,2.97172316051026,0,0
2,0,2,-1,100,-0.205487229169046,0.0153583032830481,-0.0485733803457741,0.0639316836288223,4.73999685656836,0,0
2,0,2,1,100,0.0624770250885197,0,0,0.0563166422071129,3.43623157459764,0,0
2,0,2,0,100,-0.0653213115573963,0.0073247292580691,-0.0231657660110615,0.0599484311928512,4.0580273244606,0,0
2,0,2,-1,200,-0.237325569125857,0.0245381278775933,-0.0622917230285578,0.0868298509061511,8.93350425272484,0,0
2,0,2,1,200,0.00446338300691299,0,0,0.0840668586471142,5.26756067297342,0,0
2,0,2,0,200,-0.110485463088994,0.0116656673516427,-0.0296140978332488,0.0853804123440334,7.01038630924869,0,0
3,0,2,-1,25,-0.288221529147992,0.011064560872671,-0.0559884892570568,0.0670530501297278,5.08398977722818,0,0
3,0,2,1,25,0.128570382411246,0,0,0.0554029532632238,4.00204546501891,0,0
3,0,2,0,25,-0.0993626942227121,0.00605093172724194,-0.0306187050624529,0.0617740999870932,4.59373376075836,0,0
3,0,2,-1,50,-0.347065776951053,0.0128755485797427,-0.0691250218465656,0.0820005704263083,6.26989726178327,0,0
3,0,2,1,50,0.167497141872535,0,0,0.0678117775353976,6.13001537901736,0,0
3,0,2,0,50,-0.0935130343423282,0.00653107536653615,-0.0350634168786927,0.0750089913206422,6.20096995723195,0,0
3,0,2,-1,100,-0.0749980397738231,0.0320130837434856,-0.0416838501259184,0.073696933869404,9.34241480357453,0,0
3,0,2,1,100,0.166377799667102,0,0,0.0573439371707639,8.40064068061876,0,0
3,0,2,0,100,0.0476055612120437,0.0157524697785406,-0.0205111008556107,0.0653906498319995,8.8640533442954,0,0
3,0,2,-1,200,-0.0247489427591092,0.0331983378739744,-0.0362544393940454,0.0694527772680198,11.6500407228917,0,0
3,0,2,1,200,0.210828772820087,0,0,0.0741595780008824,9.35798994611783,0,0
3,0,2,0,200,0.0930399150304887,0.0165991689369872,-0.0181272196970227,0.0718061776344511,10.5040153345048,0,0
4,0,2,-1,25,0.241379220497619,0.0664598838984924,-0.0223719623848503,0.0888318462833427,6.00268071172782,0,0
4,0,2,1,25,-0.375754662822315,0,0,0.132281320189295,4.85841805865524,0,0
4,0,2,0,25,-0.0671877211623476,0.0332299419492462,-0.0111859811924251,0.110556583236319,5.43054938519152,0,0
4,0,2,-1,50,0.267458356542731,0.0809731802320964,-0.0425858491808949,0.123559029412991,11.6148372394448,0.0588235294117647,0.00805273676731306
4,0,2,1,50,-0.227230296425078,0,0,0.0719675243805805,7.35078078968002,0,0
4,0,2,0,50,0.00637267858749857,0.0382373351096011,-0.0201099843354226,0.0963301795347745,9.36436300206895,0.0277777777777778,0.00380268125123117
4,0,2,-1,100,-0.0463793702280216,0.0481466362798459,-0.0488049404779289,0.0969515767577748,7.3694006747437,0,0
4,0,2,1,100,-0.481477151334514,0,0,0.09261421882148,4.90149555413927,0.15,0.0410079833174102
4,0,2,0,100,-0.275378202389333,0.0228063013957165,-0.0231181297000716,0.0946687567913039,6.07050324284663,0.0789473684210526,0.0215831491144264
4,0,2,-1,200,0.214719998664724,0.0762981078750563,-0.0365022315577308,0.112800339432787,11.5871230704478,0,0
4,0,2,1,200,0.0944863792943828,0,0,0.0887430207394784,9.36803106645199,0.0625,0.0172097729051691
4,0,2,0,200,0.16409531682458,0.0441725887697695,-0.0211328709018441,0.102670942088236,10.6527685424496,0.0263157894736842,0.00724622017059751
5,0,2,-1,25,0.28894428139801,0.0576416040897987,-0.00982008477644071,0.0674616888662394,2.52666141165462,0.0384615384615385,0.0059361238636237
5,0,2,1,25,-0.101852070722143,0,0,0.0443857953808124,3.46034496729852,0,0
5,0,2,0,25,0.0828880230073838,0.0272487582969957,-0.00464222189431743,0.0552943995739233,3.01896728644868,0.0181818181818182,0.00280616764462211
5,0,2,-1,50,0.124178640771982,0.0416839188554048,-0.0214015093754382,0.063085428230843,3.68080294924729,0,0
5,0,2,1,50,-0.14819888043018,0,0,0.071603780742941,5.06839283375901,0,0
5,0,2,0,50,-0.02485811611222,0.0188757368401833,-0.00969124952850033,0.0677464135676513,4.44005024454615,0,0
5,0,2,-1,100,0.0938308529184813,0.0427639168465294,-0.01481124332471,0.0575751601712394,4.08795576045027,0.0416666666666667,0.0119195849947296
5,0,2,1,100,-0.144891582159674,0,0,0.0708356180012645,6.85229742139775,0,0
5,0,2,0,100,-0.0347119967389871,0.0197371923907059,-0.00683595845755846,0.064715406695099,5.57644742403737,0.0192307692307692,0.00550134692064443
5,0,2,-1,200,0.0518378058534278,0.0332345171050665,-0.0226398719845436,0.0558743890896101,6.25197938770844,0,0
5,0,2,1,200,-0.111315417958083,0,0,0.0437823227284426,10.2574963801634,0,0
5,0,2,0,200,-0.0374347128358894,0.0150495926513509,-0.0102520175024348,0.049257975420292,8.44367736471209,0,0
6,0,2,-1,25,-0.334956784182673,0.019994786451278,-0.073970084738487,0.093964871189765,6.04902201939356,0,0
6,0,2,1,25,0.296048370446596,0,0,0.128535512541831,4.87818780346632,0,0
6,0,2,0,25,0.0256175898911948,0.00856919419340487,-0.031701464887923,0.113719523390945,5.37997389600657,0,0
6,0,2,-1,50,-0.321935870990771,0.0379221161673717,-0.0898753191717897,0.127797435339161,6.39543965888969,0,0
6,0,2,1,50,0.596846211307948,0,0,0.112904350542354,6.24970941469331,0,0
6,0,2,0,50,0.137455170158589,0.0189610580836858,-0.0449376595858949,0.120350892940758,6.3225745367915,0,0
6,0,2,-1,100,-0.998253428292266,0.0185425894248166,-0.181867785306004,0.20041037473082,7.90646733337132,0,0
6,0,2,1,100,0.540630530342834,0,0,0.154953944258121,6.68322129398591,0,0
6,0,2,0,100,-0.162859279318926,0.00847661230848757,-0.0831395589970303,0.175734026759926,7.24241948341924,0,0
6,0,2,-1,200,-0.36235650609566,0.0112404601570386,-0.0712656280907094,0.0825060882477481,10.2348770132685,0,0
6,0,2,1,200,0.501633194083475,0,0,0.107255589994491,8.25090970507644,0.0434782608695652,0.0194061615730443
6,0,2,0,200,0.110780710669104,0.00508497007104129,-0.0322392127077019,0.0960593868233455,9.14841872544905,0.0238095238095238,0.0106271837185719
7,0,2,-1,25,0.378915492420411,0.0838154202260015,-0.0254137878941439,0.109229208120145,2.84829943467813,0.0625,0.0097593279756439
7,0,2,1,25,-0.262067582245234,0,0,0.102189208968184,2.15180657498223,0,0
7,0,2,0,25,0.0228137842728301,0.0372512978782229,-0.0112950168418417,0.105318097480167,2.46135895706929,0.0277777777777778,0.00433747910028618
7,0,2,-1,50,0.115952005914102,0.042561031778562,-0.0280622223977377,0.0706232541762997,4.90121797685831,0.05,0.0181047957960248
7,0,2,1,50,-0.113282181456928,0,0,0.106483123096037,4.00093219504833,0,0
7,0,2,0,50,0.00427381206667753,0.0218261701428523,-0.0143908832808911,0.088093446726941,4.46261721136114,0.0256410256410256,0.00928451066462808
7,0,2,-1,100,-0.0189880611954545,0.0460094919594598,-0.0501336898682336,0.0961431818276934,5.01618533339504,0.0526315789473684,0.0114614628553439
7,0,2,1,100,0.0053794793408844,0,0,0.0638209751174722,5.45728688641887,0,0
7,0,2,0,100,-0.00591279554180925,0.0213214718836521,-0.0232326855486936,0.0787995587148918,5.25287397160295,0.024390243902439,0.00531140961589108
7,0,2,-1,200,0.104568600190995,0.0791502426666694,-0.0533336769091799,0.132483919575849,7.23568043622338,0.05,0.006447589550823
7,0,2,1,200,-0.249178070488385,0,0,0.0869112684032852,6.50020160649983,0,0
7,0,2,0,200,-0.067769521422036,0.0405898680341894,-0.0273506035431692,0.11028185874819,6.87737023712729,0.0256410256410256,0.00330645617990923
8,0,2,-1,25,-0.048014458033071,0.0298060213571282,-0.0391098196563756,0.0689158410135037,5.83316496891038,0,0
8,0,2,1,25,-0.384746035996327,0,0,0.0742552969820234,4.75793722934948,0,0
8,0,2,0,25,-0.223700498709552,0.0142550536925396,-0.018704696357397,0.071701644127514,5.27217658305252,0,0
8,0,2,-1,50,0.0250065254313651,0.0500952908163487,-0.0471304243891833,0.097225715205532,8.39438190281938,0,0
8,0,2,1,50,-0.0658607440757124,0,0,0.0811289414241287,6.00837336758423,0.0344827586206897,0.0102252737988299
8,0,2,0,50,-0.0237925637483617,0.0231922642668281,-0.0218196409209182,0.0885811515081117,7.11300694871161,0.0185185185185185,0.00549135074381606
8,0,2,-1,100,-0.213117052465923,0.0330052636009693,-0.056134413296364,0.0891396768973333,9.72972400192033,0.0384615384615385,0.0114139667091282
8,0,2,1,100,-0.294623818736744,0,0,0.0739134401358974,8.18767714427794,0,0
8,0,2,0,100,-0.254639367358605,0.0161912613891548,-0.0275376367114238,0.0813829147735829,8.94415296123458,0.0188679245283019,0.00559930442334592
8,0,2,-1,200,0.13415482013808,0.0570001024379214,-0.035244646446098,0.0922447488840194,14.837076365308,0,0
8,0,2,1,200,-0.0453793600902692,0,0,0.103770369648461,9.36637730689026,0.0344827586206897,0.00512048294790206
8,0,2,0,200,0.0340299888568855,0.0252115837706191,-0.0155889782357741,0.098672498925727,11.7861095827289,0.0192307692307692,0.00285565395171461
9,0,2,-1,25,-0.279754236484194,0.0367219372861542,-0.0813878288502464,0.118109766136401,8.46037068506254,0,0
9,0,2,1,25,-0.0490059324629288,0,0,0.0892964425961231,8.0878506289131,0,0
9,0,2,0,25,-0.150691625760436,0.0161825486345764,-0.0358658228831594,0.101993839410483,8.25201200958912,0,0
9,0,2,-1,50,-0.0671710741597552,0.0433558509564844,-0.0528657208208818,0.0962215717773662,10.4028618879967,0,0
9,0,2,1,50,-0.0655034275707291,0,0,0.131945612812896,10.778221567272,0,0
9,0,2,0,50,-0.0663372508652422,0.0216779254782422,-0.0264328604104409,0.114083592295131,10.5905417276343,0,0
9,0,2,-1,100,-0.296266627263529,0.0242332715422471,-0.0706082993382753,0.0948415708805224,13.1449048254215,0,0
9,0,2,1,100,0.0383712325272508,0,0,0.0671260823272837,12.0268322750119,0,0
9,0,2,0,100,-0.121976075289164,0.0116117759473267,-0.0338331434329236,0.0804064205923772,12.5625753720832,0,0
9,0,2,-1,200,0.115845876805048,0.0613939204913675,-0.0380568058456853,0.0994507263370528,14.8619207278252,0,0
9,0,2,1,200,0.083338147203165,0,0,0.0730406159558116,11.8241837404053,0,0
9,0,2,0,200,0.099887536818669,0.0312550867956053,-0.0193743738850762,0.0864857630589889,13.37066802491,0,0
10,0,2,-1,25,-0.279324813227706,0.0180789941403403,-0.0694912271460382,0.0875702212863785,1.50971058761705,0,0
10,0,2,1,25,0.134630167610314,0,0,0.0797844063759148,0.559205007178798,0,0
10,0,2,0,25,-0.0640682231919358,0.00867791718736336,-0.0333557890300983,0.0835215975329374,1.01544768578916,0,0
10,0,2,-1,50,-0.143758150079768,0.0346459708204962,-0.0596964427075112,0.0943424135280074,2.59504214312122,0,0
10,0,2,1,50,0.125584233008492,0,0,0.0875431961592867,2.43273860480973,0,0
10,0,2,0,50,-0.0140747804446799,0.0179645774624795,-0.0309537110335243,0.0910687162764012,2.51689599504532,0,0
10,0,2,-1,100,-0.0845698515765691,0.0317103539332784,-0.0477497022063766,0.079460056139655,4.14973973566369,0,0
10,0,2,1,100,0.118101696967075,0,0,0.0863477697921397,4.72114697558054,0,0
10,0,2,0,100,0.023754596782965,0.0147617164861813,-0.022228309647796,0.0831414203332244,4.45514705355028,0,0
10,0,2,-1,200,0.016448962213696,0.0363385052921222,-0.0362773378005371,0.0726158430926594,4.23541320489669,0,0
10,0,2,1,200,0.158563261091669,0,0,0.0816480450581491,5.31118556936648,0,0
10,0,2,0,200,0.0931906836078013,0.0167157124343762,-0.0166875753882471,0.0774932321540238,4.81633028171038,0,0
1,1,2,-1,25,-0.136589003271923,0.0735814409252205,-0.1567373649314,0.23031880585662,9.36845153396709,0,0
1,1,2,1,25,-0.0153630703255142,0,0,0.211442072983812,11.2641162831035,0.15,0.0135409843611999
1,1,2,0,25,-0.0744218581712006,0.0358473686558767,-0.0763592290691434,0.220638430024411,10.340587302755,0.0769230769230769,0.00694409454420508
1,1,2,-1,50,-0.0844535398750529,0.0773492689186107,-0.13173820454606,0.20908747346467,12.7085084305026,0.0476190476190476,0.00699405997448922
1,1,2,1,50,0.0797100692635707,0,0,0.231804553745583,11.0939412361725,0.142857142857143,0.0210105592315871
1,1,2,0,50,-0.00237173530574111,0.0386746344593054,-0.0658691022730299,0.220446013605127,11.9012248333375,0.0952380952380952,0.0140023096030381
1,1,2,-1,100,-0.0642247849113609,0.102658314756151,-0.146266839512393,0.248925154268544,13.7812211744247,0.130434782608696,0.0198612570890282
1,1,2,1,100,-0.170840382383441,0,0,0.267311589946364,12.3080168172525,0.181818181818182,0.0359518623966511
1,1,2,0,100,-0.116347965897711,0.0524698053198104,-0.0747586068618897,0.2579140783777,13.0609879331406,0.155555555555556,0.0277277752394217
1,1,2,-1,200,-0.0686226154749129,0.0638829472796574,-0.107112558158818,0.170995505438475,12.9268975938217,0.0416666666666667,0.00821179509217692
1,1,2,1,200,0.0173604892018125,0,0,0.209682522490837,14.0787013635176,0,0
1,1,2,0,200,-0.0265457770160898,0.0326210794619527,-0.0546957743789707,0.189927449953461,13.4905462470771,0.0212765957446809,0.00419325706834566
2,1,2,-1,25,-0.200357452182431,0.0215468808000042,-0.137298490110721,0.158845370910725,3.13200095288344,0,0
2,1,2,1,25,0.216596120769279,0,0,0.177829603344774,1.56031837823228,0,0
2,1,2,0,25,-0.00213362241850298,0.0113032817311497,-0.0720254374351321,0.167870661740027,2.38480759772142,0,0
2,1,2,-1,50,-0.115916468340777,0.0652185614544673,-0.131139437982301,0.196357999436768,3.8626492656151,0,0
2,1,2,1,50,0.290921554882086,0,0,0.177957497274812,2.08079705540542,0.0333333333333333,0.0135063711796358
2,1,2,0,50,0.0875025432706542,0.0326092807272337,-0.0655697189911505,0.18715774835579,2.97172316051026,0.0166666666666667,0.00675318558981792
2,1,2,-1,100,-0.230648905560778,0.0269803095523962,-0.157096066287291,0.184076375839687,4.73999685656836,0.032258064516129,0.0171528640260224
2,1,2,1,100,0.131072993506502,0,0,0.146039794255264,3.43623157459764,0,0
2,1,2,0,100,-0.0414405275871234,0.0128675322480659,-0.0749227393062465,0.164180317780143,4.0580273244606,0.0153846153846154,0.00818059668933378
2,1,2,-1,200,-0.0637151488696443,0.0598430457274126,-0.0904038909659644,0.150246936693377,8.93350425272484,0,0
2,1,2,1,200,0.158914807397415,0,0,0.148271987626075,5.26756067297342,0,0
2,1,2,0,200,0.0530743363852063,0.0284499725589339,-0.0429788989838191,0.149210897838399,7.01038630924869,0,0
3,1,2,-1,25,-0.123590144680714,0.0434602700011912,-0.115694481187648,0.159154751188839,5.08398977722818,0,0
3,1,2,1,25,0.139616364802514,0,0,0.132559386246904,4.00204546501891,0,0
3,1,2,0,25,-0.00432469507112654,0.0237673351569014,-0.0632704193994952,0.147103726449525,4.59373376075836,0,0
3,1,2,-1,50,-0.0496363421326372,0.046895895730055,-0.0756365028006216,0.122532398530677,6.26989726178327,0.0571428571428571,0.0358848059712274
3,1,2,1,50,0.108190655854459,0,0,0.165137248453314,6.13001537901736,0.0588235294117647,0.0262650288545551
3,1,2,0,50,0.0281334829624535,0.0237877731964047,-0.0383663420003153,0.143526092695455,6.20096995723195,0.0579710144927536,0.0311446259427222
3,1,2,-1,100,-0.0484013485647654,0.0388447783950235,-0.0676228325799705,0.106467610974994,9.34241480357453,0.032258064516129,0.0145472331283043
3,1,2,1,100,0.183415623135612,0,0,0.160730413042978,8.40064068061876,0,0
3,1,2,0,100,0.0693469545211405,0.0191140973054878,-0.0332747271425252,0.134029669168256,8.8640533442954,0.0158730158730159,0.00715816233297511
3,1,2,-1,200,-0.163118220457917,0.0308758093198534,-0.125725279764375,0.156601089084228,11.6500407228917,0.0303030303030303,0.0149740781039211
3,1,2,1,200,0.169647509282155,0,0,0.150060616937898,9.35798994611783,0,0
3,1,2,0,200,0.00326464441211905,0.0154379046599267,-0.0628626398821873,0.153330853011063,10.5040153345048,0.0151515151515152,0.00748703905196057
4,1,2,-1,25,0.147429197210483,0.169663123822977,-0.100449268805945,0.270112392628922,6.00268071172782,0.142857142857143,0.0396617200472273
4,1,2,1,25,-0.249083255821085,0,0,0.238302913313017,4.85841805865524,0.0476190476190476,0.0163268839706057
4,1,2,0,25,-0.0508270293053009,0.0848315619114884,-0.0502246344029726,0.254207652970969,5.43054938519152,0.0952380952380952,0.0279943020089165
4,1,2,-1,50,0.13347241262641,0.143622921951713,-0.0771931421061301,0.220816064057843,11.6148372394448,0.235294117647059,0.122948380891306
4,1,2,1,50,0.0886434529152981,0,0,0.212953939662804,7.35078078968002,0.0526315789473684,0.0114802464002275
4,1,2,0,50,0.10981268388999,0.0678219353660868,-0.0364523171056726,0.216666609516017,9.36436300206895,0.138888888888889,0.0641179765765702
4,1,2,-1,100,0.0111844896207674,0.103992018675401,-0.0997247990214954,0.203716817696896,7.3694006747437,0.111111111111111,0.0485266901804964
4,1,2,1,100,-0.243285054996762,0,0,0.195629511942743,4.90149555413927,0.2,0.0571519269918696
4,1,2,0,100,-0.122746849651616,0.0492593772672953,-0.0472380626943925,0.199460340984184,6.07050324284663,0.157894736842105,0.0530662885022717
4,1,2,-1,200,0.692154202658613,0.24712881832648,-0.0626817387143143,0.309810557040794,11.4032694379531,0.434782608695652,1.10930799480694
4,1,2,1,200,-0.326250758648549,0,0,0.28254444987058,9.36803106645199,0.0625,0.0117557641324226
4,1,2,0,200,0.274347039045418,0.14574263644895,-0.0369661536007495,0.298624461791476,10.568299849645,0.282051282051282,0.659030156581499
5,1,2,-1,25,-0.0825304090376127,0.0444476701099761,-0.0857331856154328,0.130180855725409,2.52666141165462,0.153846153846154,0.0284319769302262
5,1,2,1,25,-0.011507427849546,0,0,0.115409689364489,3.46034496729852,0,0
5,1,2,0,25,-0.0450819280475412,0.0210116258701705,-0.0405284150182046,0.122392422553287,3.01896728644868,0.0727272727272727,0.0134405709124706
5,1,2,-1,50,-0.121166052454429,0.0531780468211513,-0.120901091650641,0.174079138471792,3.68080294924729,0.208333333333333,0.0293334495807055
5,1,2,1,50,0.038358205819825,0,0,0.126106895441043,5.06839283375901,0.0344827586206897,0.00857302968224789
5,1,2,0,50,-0.0338791941534222,0.0240806249756157,-0.0547476641436866,0.147830175304024,4.44005024454615,0.113207547169811,0.0179739745419268
5,1,2,-1,100,-0.0212425050167236,0.040268075884454,-0.0525246326140269,0.0927927084984809,4.08795576045027,0.0416666666666667,0.00267142135712191
5,1,2,1,100,-0.0464398106697774,0,0,0.130626450277749,6.85229742139775,0,0
5,1,2,0,100,-0.0348102849837526,0.0185852657928249,-0.0242421381295509,0.113164723302702,5.57644742403737,0.0192307692307692,0.00123296370328704
5,1,2,-1,200,-0.000409051980506265,0.0518018282229164,-0.0521555989860099,0.103957427208926,6.25197938770844,0,0
5,1,2,1,200,0.0845668652717631,0,0,0.141685929768017,10.2574963801634,0,0
5,1,2,0,200,0.046087204629226,0.0234574316481131,-0.0236176297295139,0.124601324835598,8.44367736471209,0,0
6,1,2,-1,25,-0.181161550042725,0.0442646381039215,-0.15354089888766,0.197805536991582,6.04902201939356,0,0
6,1,2,1,25,-0.0506045812145538,0,0,0.428372503765514,4.87818780346632,0.1875,0.1567763800544
6,1,2,0,25,-0.106557567855199,0.0189705591873949,-0.0658032423804258,0.329558089433829,5.37997389600657,0.107142857142857,0.0895865028882285
6,1,2,-1,50,-0.0998474215454259,0.0973913083320511,-0.155020794249611,0.252412102581662,6.39543965888969,0.0588235294117647,0.0120324621486631
6,1,2,1,50,0.315733209580036,0,0,0.306039371740498,6.24970941469331,0,0
6,1,2,0,50,0.107942894017305,0.0486956541660255,-0.0775103971248055,0.27922573716108,6.3225745367915,0.0294117647058824,0.00601623107433153
6,1,2,-1,100,-0.447086273508869,0.0325791188058114,-0.277395898359123,0.309975017164935,7.90646733337132,0.125,0.0345495672126645
6,1,2,1,100,0.274261537781244,0,0,0.278686537804273,6.68322129398591,0,0
6,1,2,0,100,-0.0554974616656648,0.0148933114540852,-0.126809553535599,0.292989842654861,7.24241948341924,0.0571428571428571,0.0157940878686466
6,1,2,-1,200,-0.304114582051442,0.0621049877086813,-0.231331083567151,0.293436071275833,10.2348770132685,0.157894736842105,0.0628696522551521
6,1,2,1,200,0.13909459700972,0,0,0.279701554905285,8.25090970507644,0.173913043478261,0.0593717128379716
6,1,2,0,200,-0.0614047935179485,0.0280951134872606,-0.104649775899426,0.285914788501485,9.14841872544905,0.166666666666667,0.0609541140028866
7,1,2,-1,25,-0.121457199400524,0.0345373165574925,-0.0913453255619089,0.125882642119401,2.84829943467813,0.125,0.0549430905645206
7,1,2,1,25,-0.00697107898433255,0,0,0.16195927455838,2.15180657498223,0.1,0.0398657377106495
7,1,2,0,25,-0.0578537991693063,0.0153499184699967,-0.0405979224719595,0.145925215696612,2.46135895706929,0.111111111111111,0.0465667834234811
7,1,2,-1,50,-0.412789141357857,0.0265607385139677,-0.258131155873686,0.284691894387654,4.90121797685831,0.15,0.0347713462930701
7,1,2,1,50,0.175548278332644,0,0,0.204254331943045,4.00093219504833,0,0
7,1,2,0,50,-0.126163218944536,0.0136208915456245,-0.132374951730096,0.245504363965921,4.46261721136114,0.0769230769230769,0.0178314596374718
7,1,2,-1,100,-0.150192095983773,0.0781216362907102,-0.169570667123076,0.247692303413786,5.01618533339504,0.263157894736842,0.0778652873918582
7,1,2,1,100,0.331042100609966,0,0,0.267139181343264,5.45728688641887,0.136363636363636,0.0378031402998582
7,1,2,0,100,0.10803113145677,0.036202709500573,-0.0785815286667912,0.258127213522286,5.25287397160295,0.195121951219512,0.0563685255376143
7,1,2,-1,200,-0.322924861959652,0.0528072601346736,-0.230199419203361,0.283006679338035,7.23568043622338,0.05,0.0213285431605112
7,1,2,1,200,0.303084245009064,0,0,0.19799692400054,6.50020160649983,0.157894736842105,0.0515721978606477
7,1,2,0,200,-0.0179460662569443,0.0270806462229096,-0.118050984206852,0.241591670327461,6.87737023712729,0.102564102564103,0.0360626313477572
8,1,2,-1,25,0.188157796097566,0.175054421935826,-0.064037301563412,0.239091723499238,5.83316496891038,0.0454545454545455,0.0107032155262889
8,1,2,1,25,-0.294134176041239,0,0,0.241572084192438,4.75793722934948,0.0416666666666667,0.0108880211013272
8,1,2,0,25,-0.0634727980618106,0.0837216800562648,-0.0306265355303275,0.240385824730473,5.27217658305252,0.0434782608695652,0.0107996358263089
8,1,2,-1,50,0.190432035692742,0.194798523251256,-0.083373083204199,0.278171606455455,8.39438190281938,0,0
8,1,2,1,50,-0.203888388626612,0,0,0.21392435478608,6.00837336758423,0.0344827586206897,0.0130667581100499
8,1,2,0,50,-0.021332636626911,0.090184501505211,-0.0385986496315736,0.243668452781161,7.11300694871161,0.0185185185185185,0.00701733305910085
8,1,2,-1,100,0.310318032751776,0.209933475508271,-0.0341219168549879,0.244055392363259,9.72972400192033,0.0384615384615385,0.0159613773794616
8,1,2,1,100,-0.219468387014186,0,0,0.211397749866697,8.18767714427794,0,0
8,1,2,0,100,0.040426837776663,0.102986233268208,-0.0167390535515035,0.227418480148029,8.94415296123458,0.0188679245283019,0.00783010965784907
8,1,2,-1,200,0.268088878804686,0.200954867301504,-0.0630920445639022,0.264046911865406,14.837076365308,0.173913043478261,0.0551420488773282
8,1,2,1,200,-0.45187926435357,0,0,0.286916537956697,9.36637730689026,0.0344827586206897,0.0129423990468428
8,1,2,0,200,-0.133431816418188,0.0888838836141268,-0.0279060966340337,0.276801126416318,11.7861095827289,0.0961538461538462,0.0316076287795575
9,1,2,-1,25,0.031410554547694,0.0770654016289471,-0.072141076894811,0.149206478523758,8.46037068506254,0,0
9,1,2,1,25,0.0886405356662239,0,0,0.247053219873645,8.0878506289131,0.0303030303030303,0.0124956685304757
9,1,2,0,25,0.0634205439868718,0.0339610244466547,-0.0317909830383913,0.203934316905898,8.25201200958912,0.0169491525423729,0.00698910273738474
9,1,2,-1,50,-0.130083712373246,0.0516984478454863,-0.140072250879486,0.191770698724973,10.4028618879967,0.0869565217391304,0.0465027774352395
9,1,2,1,50,-0.0722962682939852,0,0,0.320775095134933,10.778221567272,0,0
9,1,2,0,50,-0.101189990333616,0.0258492239227432,-0.0700361254397431,0.256272896929953,10.5905417276343,0.0434782608695652,0.0232513887176197
9,1,2,-1,100,0.0613364243052467,0.126178453988928,-0.111955209360259,0.238133663349186,13.1449048254215,0.130434782608696,0.0486014661101056
9,1,2,1,100,0.0622493516263214,0,0,0.349497677742203,12.0268322750119,0.2,0.0719644276908448
9,1,2,0,100,0.0618119072849731,0.0604605092030278,-0.0536452044851239,0.296135754178882,12.5625753720832,0.166666666666667,0.0607696752667406
9,1,2,-1,200,0.202603052323366,0.19464466290097,-0.0884093718988194,0.28305403479979,14.8619207278252,0.0714285714285714,0.0210916597701368
9,1,2,1,200,0.0144668247371841,0,0,0.253148482298835,11.8241837404053,0,0
9,1,2,0,200,0.110245267871968,0.0990918283859485,-0.0450084075121262,0.268373127208412,13.37066802491,0.0363636363636364,0.0107375722466151
10,1,2,-1,25,0.0430038857758006,0.081647195223943,-0.069336722024416,0.150983917248359,1.50971058761705,0.0416666666666667,0.0100755105274183
10,1,2,1,25,-0.0108248548223231,0,0,0.201753168530454,0.559205007178798,0,0
10,1,2,0,25,0.0150129406647763,0.0391906537074926,-0.0332816265717197,0.177383927915049,1.01544768578916,0.02,0.00483624505316078
10,1,2,-1,50,-0.00944096067549904,0.0574470005139947,-0.075289173276002,0.132736173789997,2.59504214312122,0.0357142857142857,0.00105035761215897
10,1,2,1,50,-0.0108928682499501,0,0,0.229969436972458,2.43273860480973,0.0384615384615385,0.0129754253657351
10,1,2,0,50,-0.0101400272854199,0.0297873335998491,-0.0390388305875566,0.179552189396367,2.51689599504532,0.037037037037037,0.00679205690091783
10,1,2,-1,100,0.0294692384214925,0.0854549783471546,-0.0869626717681586,0.172417650115313,4.14973973566369,0.037037037037037,0.00974816759423868
10,1,2,1,100,0.0264461016985235,0,0,0.177900476265478,4.72114697558054,0,0
10,1,2,0,100,0.0278534239661125,0.0397807657822961,-0.0404826230644876,0.175348126161091,4.45514705355028,0.0172413793103448,0.00453794008697318
10,1,2,-1,200,-0.0386712665648666,0.0889318695690985,-0.126763210158421,0.215695079727519,4.23541320489669,0,0
10,1,2,1,200,0.0687638907317781,0,0,0.142740128087448,5.31118556936648,0.037037037037037,0.0147905073994886
10,1,2,0,200,0.0193437183753216,0.0409086600017853,-0.0583110766728734,0.176299405841881,4.81633028171038,0.02,0.00798687399572383
