sub,eye,rotationSpeed,afterReversalD,torsionVelT,torsionVGain,torsionAngleTotal,torsionAngleCW,torsionAngleCCW,torsionAngle,sacNumT,sacAmpSumT,sacAmpMeanT,torsionVelTMerged,torsionVGainMerged,torsionAngleMerged,torsionVelTNorm,torsionVelTMergedNorm,exp
1,2,400,1,2.2204608530168,0.005551152132542,3.60319365804242,3.60319365804242,0,3.60319365804242,3,1.51893016941842,0.506310056472806,2.2204608530168,0.005551152132542,3.60319365804242,1.37666655974817,1.01691873340782,2
1,2,400,1,1.94112508049674,0.00485281270124186,3.15551488225271,3.15551488225271,0,3.15551488225271,2,1.55895139761079,0.779475698805396,1.94112508049674,0.00485281270124186,3.15551488225271,-0.285319206855395,0.347302274328144,2
1,2,200,1,3.21568971382161,0.0160784485691081,4.34290172015505,4.34290172015505,0,4.34290172015505,3,8.8536483570227,2.95121611900757,3.21568971382161,0.0160784485691081,4.34290172015505,0.0518725604181742,0.412716199536726,2
1,2,400,1,1.97510494073858,0.00493776235184644,3.55747574908479,3.55747574908479,0,3.55747574908479,2,2.17636538941461,1.08818269470731,1.97510494073858,0.00493776235184644,3.55747574908479,-0.0831465901381829,0.428757912787498,2
1,2,100,-1,-3.9231013694889,-0.039231013694889,4.88521121251551,0,4.88521121251551,-4.88521121251551,4,4.5881662738446,1.14704156846115,3.9231013694889,0.039231013694889,4.88521121251551,-0.417936184458183,0.581174514859361,2
1,2,50,-1,-2.27032471040055,-0.045406494208011,4.18811026060006,0,4.18811026060006,-4.18811026060006,1,1.43223793779989,1.43223793779989,2.27032471040055,0.045406494208011,4.18811026060006,1.2308216185825,-1.02788858083068,2
1,2,200,-1,-2.72266941681202,-0.0136133470840601,4.64840661105146,0,4.64840661105146,-4.64840661105146,3,2.74912569150599,0.916375230501996,2.72266941681202,0.0136133470840601,4.64840661105146,0.644514650558294,-1.15431571991629,2
1,2,200,-1,-2.59163564956605,-0.0129581782478302,4.33682418154035,0,4.33682418154035,-4.33682418154035,2,1.69935743853114,0.84967871926557,2.59163564956605,0.0129581782478302,4.33682418154035,0.989444205752622,-1.57079775330532,2
1,2,200,1,3.43096005236101,0.0171548002618051,4.06834358923696,4.06834358923696,0,4.06834358923696,3,4.52379333809517,1.50793111269839,3.43096005236101,0.0171548002618051,4.06834358923696,1.02124394344513,1.09693852029876,2
1,2,50,1,2.71174154686226,0.0542348309372453,4.23198138461235,4.23198138461235,0,4.23198138461235,2,3.6617294094051,1.83086470470255,2.71174154686226,0.0542348309372453,4.23198138461235,-0.6950928724514,-0.0861935657058505,2
1,2,25,-1,-2.08791185933982,-0.0835164743735927,3.85534053921605,0,3.85534053921605,-3.85534053921605,2,1.7219856214105,0.860992810705251,2.08791185933982,0.0835164743735927,3.85534053921605,-0.194148333058636,-0.479743102431918,2
1,2,200,-1,-3.13811277439895,-0.0156905638719947,3.63434022308139,0,3.63434022308139,-3.63434022308139,5,6.16006781861699,1.2320135637234,3.13811277439895,0.0156905638719947,3.63434022308139,-0.449086606222328,0.166143105028965,2
1,2,25,1,2.81979261143574,0.11279170445743,4.08986927016906,4.08986927016906,0,4.08986927016906,3,4.69853115097658,1.56617705032553,2.81979261143574,0.11279170445743,4.08986927016906,0.311110433431011,0.767461285149488,2
1,2,50,-1,-2.45234172025949,-0.0490468344051898,4.68192583504611,0,4.68192583504611,-4.68192583504611,2,2.42725358623462,1.21362679311731,2.45234172025949,0.0490468344051898,4.68192583504611,-0.0287393873740218,-0.639583249692821,2
1,2,100,-1,-3.92761191647598,-0.0392761191647598,6.77911723435412,0,6.77911723435412,-6.77911723435412,3,7.31354778150506,2.43784926050169,3.92761191647598,0.0392761191647598,6.77911723435412,-0.423707418513118,0.587355111901377,2
1,2,400,-1,-1.71665054237219,-0.00429162635593048,3.00346009193636,0,3.00346009193636,-3.00346009193636,2,1.33526071534809,0.667630357674045,1.71665054237219,0.00429162635593048,3.00346009193636,-0.214525058502188,-0.190802258494325,2
1,2,100,1,2.64835741291448,0.0264835741291448,4.88716937168119,4.77859682931506,0.108572542366134,0,3,6.73638702330284,2.24546234110095,2.64835741291448,0.0264835741291448,0,-1.0030397917812,-1.16554905323685,2
1,2,400,-1,-2.29780930121057,-0.00574452325302642,3.9269178181039,0,3.9269178181039,-3.9269178181039,3,2.96282757856675,0.987609192855584,2.29780930121057,0.00574452325302642,3.9269178181039,-1.31549047903413,1.20233642455262,2
1,2,50,1,3.44820753105299,0.0689641506210598,5.76035223912528,5.76035223912528,0,5.76035223912528,3,5.80460232258865,1.93486744086288,3.44820753105299,0.0689641506210598,5.76035223912528,0.791473284809405,1.48494348398292,2
1,2,50,1,3.51328489885008,0.0702656979770016,6.06623732524688,6.06623732524688,0,6.06623732524688,2,6.33849815646182,3.16924907823091,3.51328489885008,0.0702656979770016,6.06623732524688,0.922832797193504,1.62377605172817,2
1,2,100,-1,-4.36738867007604,-0.0436738867007604,5.60142105043274,0,5.60142105043274,-5.60142105043274,4,13.822016786491,3.45550419662276,4.36738867007604,0.0436738867007604,5.60142105043274,-0.986400720282811,1.18996116172989,2
1,2,100,1,2.59867449079865,0.0259867449079865,3.39045852540788,3.05825658787149,0.332201937536388,0,9,13.378179521726,1.48646439130288,2.59867449079865,0.0259867449079865,0,-1.06921045596272,-1.23362729792594,2
1,2,25,1,3.37857767640266,0.135143107056106,6.31820669753172,6.31820669753172,0,6.31820669753172,2,5.34421624634584,2.67210812317292,3.37857767640266,0.135143107056106,6.31820669753172,1.53110289091562,1.71969179913131,2
1,2,25,-1,-1.79932496407558,-0.071972998563023,3.37532027345358,0,3.37532027345358,-3.37532027345358,2,3.00050236776038,1.50025118388019,1.79932496407558,0.071972998563023,3.37532027345358,0.348197802927084,-0.97152655341258,2
1,2,200,-1,-3.41762713711276,-0.0170881356855638,5.46782019190589,0,5.46782019190589,-5.46782019190589,4,6.41521743455481,1.6038043586387,3.41762713711276,0.0170881356855638,5.46782019190589,-1.18487225008859,1.05456074417047,2
1,2,100,-1,-3.4352807524635,-0.034352807524635,5.91997737671279,0,5.91997737671279,-5.91997737671279,3,4.46461337516427,1.48820445838809,3.4352807524635,0.034352807524635,5.91997737671279,0.206229125368486,-0.0872638522079299,2
1,2,50,1,2.55116772921361,0.0510233545842722,3.7800560053688,3.7800560053688,0,3.7800560053688,3,4.56307351812259,1.52102450604086,2.55116772921361,0.0510233545842722,3.7800560053688,-1.01921320955151,-0.428753140123936,2
1,2,400,1,1.81962784392879,0.00454906960982198,3.12112785880268,3.12112785880268,0,3.12112785880268,4,2.53112421455758,0.632781053639394,1.81962784392879,0.00454906960982198,3.12112785880268,-1.00820076275459,0.0560522543087563,2
1,2,100,1,4.21315183113489,0.0421315183113489,6.0866206124418,6.0866206124418,0,6.0866206124418,4,8.36584854379777,2.09146213594944,4.21315183113489,0.0421315183113489,6.0866206124418,1.08104627948051,0.978617448149044,2
1,2,25,-1,-2.65846277455299,-0.10633851098212,4.77390965400618,0,4.77390965400618,-4.77390965400618,2,5.63814796586741,2.81907398293371,2.65846277455299,0.10633851098212,4.77390965400618,-1.26639412566696,0.492537699808929,2
1,2,25,-1,-1.39271606034419,-0.0557086424137676,2.53462796429654,0,2.53462796429654,-2.53462796429654,1,1.43336196366654,1.43336196366654,1.39271606034419,0.0557086424137676,2.53462796429654,1.11234465579851,-1.66443234074361,2
1,2,50,-1,-2.44586059159758,-0.0489172118319516,4.28118759646309,0,4.28118759646309,-4.28118759646309,2,5.68717594775051,2.84358797387526,2.44586059159758,0.0489172118319516,4.28118759646309,0.0161101403896704,-0.653409742135267,2
1,2,400,-1,-1.28551330265335,-0.00321378325663337,2.64396806874516,0,2.64396806874516,-2.64396806874516,1,0.633684017195489,0.633684017195489,1.28551330265335,0.00321378325663337,2.64396806874516,0.602234880525156,-1.22431325221136,2
1,2,100,1,4.00548857231151,0.0400548857231151,6.35024395992465,6.35024395992465,0,6.35024395992465,3,5.65165371165836,1.88388457055279,4.00548857231151,0.0400548857231151,6.35024395992465,0.804468027291437,0.694065945438479,2
1,2,25,1,2.20876192127257,0.0883504768509027,3.40375082702598,3.40375082702598,0,3.40375082702598,3,2.14411281891044,0.714704272970145,2.20876192127257,0.0883504768509027,3.40375082702598,-1.02294961939953,-0.273801455448616,2
1,2,50,-1,-2.62422753963023,-0.0524845507926047,4.93766689435293,0,4.93766689435293,-4.93766689435293,1,2.19809028088345,2.19809028088345,2.62422753963023,0.0524845507926047,4.93766689435293,-1.21819237159816,-0.272891257222539,2
1,2,400,-1,-1.11366977707171,-0.00278417444267927,2.09646759541564,0,2.09646759541564,-2.09646759541564,2,1.6712074980256,0.835603749012802,1.11366977707171,0.00278417444267927,2.09646759541564,0.927780657011156,-1.63625208867915,2
1,2,25,1,2.35345260457619,0.0941381041830475,3.73900785203133,3.73900785203133,0,3.73900785203133,2,2.78571932153564,1.39285966076782,2.35345260457619,0.0941381041830475,3.73900785203133,-0.707047220846414,-0.0272327971779417,2
1,2,200,1,3.26938769220238,0.0163469384610119,5.32425830820196,5.32425830820196,0,5.32425830820196,4,3.73857614351829,0.934644035879573,3.26938769220238,0.0163469384610119,5.32425830820196,0.293676814185284,0.583391619277339,2
1,2,100,-1,-2.32891988864099,-0.0232891988864099,3.76284302631279,0,3.76284302631279,-3.76284302631279,2,3.0224327179003,1.51121635895015,2.32891988864099,0.0232891988864099,3.76284302631279,1.62181519788562,-1.60325973961046,2
1,2,200,1,2.90064360323993,0.0145032180161997,4.07715727889372,4.07715727889372,0,4.07715727889372,4,6.06514926837529,1.51628731709382,2.90064360323993,0.0145032180161997,4.07715727889372,-1.36679331804859,-0.588636715090678,2
1,2,100,1,3.54167676820346,0.0354167676820346,5.62996417650254,5.62996417650254,0,5.62996417650254,3,1.5212581953296,0.507086065109866,3.54167676820346,0.0354167676820346,5.62996417650254,0.186735940971967,0.0585257609030312,2
1,2,25,1,2.62589898720555,0.105035959488222,4.62995874965733,4.62995874965733,0,4.62995874965733,1,0.325699268287057,0.325699268287057,2.62589898720555,0.105035959488222,4.62995874965733,-0.112216484100682,0.437045465124937,2
2,2,25,-1,-1.51445932438991,-0.0605783729755963,2.30655663653894,0,2.30655663653894,-2.30655663653894,3,1.65073571942587,0.550245239808625,1.51445932438991,0.0605783729755963,2.30655663653894,-0.746665542397239,0.452903541466111,2
2,2,25,1,1.77601493774355,0.0710405975097419,2.22513134494113,2.22513134494113,0,2.22513134494113,5,3.18379541089113,0.636759082178226,1.77601493774355,0.0710405975097419,2.22513134494113,0.855330940660173,1.0656793318772,2
2,2,100,-1,-2.14492196918087,-0.0214492196918087,3.35761893086488,0,3.35761893086488,-3.35761893086488,3,2.30747988275942,0.769159960919808,2.14492196918087,0.0214492196918087,3.35761893086488,-1.40585000743692,0.75246369982217,2
2,2,50,1,1.99950646170131,0.0399901292340262,2.7326573914886,2.7326573914886,0,2.7326573914886,6,3.91441504653192,0.65240250775532,1.99950646170131,0.0399901292340262,2.7326573914886,0.364129647610523,0.855690304800467,2
2,2,400,-1,-0.890233531968643,-0.00222558382992161,1.58088534057006,0,1.58088534057006,-1.58088534057006,2,1.2099992666238,0.6049996333119,0.890233531968643,0.00222558382992161,1.58088534057006,-1.25961334898436,-0.0311149862946427,2
2,2,25,-1,-1.38587755209742,-0.0554351020838966,2.25999114566347,0,2.25999114566347,-2.25999114566347,3,1.22085426047605,0.406951420158684,1.38587755209742,0.0554351020838966,2.25999114566347,-0.478867601407018,0.15166054331849,2
2,2,200,-1,-1.51259977795712,-0.00756299888978562,2.16740625715288,0,2.16740625715288,-2.16740625715288,4,3.53149045726613,0.882872614316531,1.51259977795712,0.00756299888978562,2.16740625715288,-0.117497326579814,-0.623728383654214,2
2,2,200,-1,-1.94782187191989,-0.00973910935959947,2.87899562666183,0,2.87899562666183,-2.87899562666183,4,2.18708543154919,0.546771357887298,1.94782187191989,0.00973910935959947,2.87899562666183,-1.27194748772498,0.466086693439655,2
2,2,400,-1,-0.766494212379488,-0.00191623553094872,1.28032560490402,0,1.28032560490402,-1.28032560490402,1,0.324773008667166,0.324773008667166,0.766494212379488,0.00191623553094872,1.28032560490402,-0.642888673783792,-0.328295619121043,2
2,2,400,1,0.794567911673019,0.00198641977918255,1.06113433926425,1.06113433926425,0,1.06113433926425,4,1.7558303723771,0.438957593094275,0.794567911673019,0.00198641977918255,1.06113433926425,-0.898989768844268,-0.260871943691679,2
2,2,100,1,1.85317820554622,0.0185317820554622,2.74926065136899,2.74926065136899,0,2.74926065136899,4,3.91461222700717,0.978653056751793,1.85317820554622,0.0185317820554622,2.74926065136899,-0.919401575293909,0.269003658662923,2
2,2,100,-1,-1.36009912606597,-0.0136009912606597,2.49023042514625,0,2.49023042514625,-2.49023042514625,1,1.04147565571521,1.04147565571521,1.36009912606597,0.0136009912606597,2.49023042514625,-0.106596098669348,-0.54809703644845,2
2,2,25,1,1.79514359576178,0.0718057438304714,2.53353745894297,2.53353745894297,0,2.53353745894297,7,3.48194124574772,0.49742017796396,1.79514359576178,0.0718057438304714,2.53353745894297,0.906029379079787,1.11049419318465,2
2,2,200,1,1.72236583488675,0.00861182917443375,2.76613761566497,2.76613761566497,0,2.76613761566497,4,2.2715584117752,0.567889602943799,1.72236583488675,0.00861182917443375,2.76613761566497,-1.14338613709808,-0.0984650418441998,2
2,2,200,1,1.81676677114751,0.00908383385573753,2.53040331755354,2.53040331755354,0,2.53040331755354,5,3.1235667723258,0.62471335446516,1.81676677114751,0.00908383385573753,2.53040331755354,-0.749499521662974,0.137919013689412,2
2,2,50,1,1.73876592092197,0.0347753184184393,2.31869184686849,2.31869184686849,0,2.31869184686849,5,2.18378602868806,0.436757205737612,1.73876592092197,0.0347753184184393,2.31869184686849,-0.158695646709092,0.208581551775022,2
2,2,100,-1,-1.31478679337186,-0.0131478679337186,2.05475131058127,0,2.05475131058127,-2.05475131058127,3,1.17616706808628,0.392055689362092,1.31478679337186,0.0131478679337186,2.05475131058127,-0.031582704392318,-0.623185881386876,2
2,2,400,-1,-0.503592993951178,-0.00125898248487795,0.948552132497036,0,0.948552132497036,-0.948552132497036,1,0.26290033210019,0.26290033210019,0.503592993951178,0.00125898248487795,0.948552132497036,0.667427797030591,-0.959696783462057,2
2,2,100,-1,-1.21596797224806,-0.0121596797224806,2.1350982658968,0,2.1350982658968,-2.1350982658968,3,1.68043335866868,0.56014445288956,1.21596797224806,0.0121596797224806,2.1350982658968,0.132009296950734,-0.786942428339673,2
2,2,50,1,1.56359762650508,0.0312719525301016,2.46188397866937,2.46188397866937,0,2.46188397866937,4,2.43224077634345,0.608060194085863,1.56359762650508,0.0312719525301016,2.46188397866937,-0.509935292106147,-0.226153055397675,2
2,2,200,-1,-1.37563905498067,-0.00687819527490336,1.9835467476322,0,1.9835467476322,-1.9835467476322,5,3.103482837659,0.6206965675318,1.37563905498067,0.00687819527490336,1.9835467476322,0.24579840427582,-0.966683998591774,2
2,2,25,1,0.865573915701387,0.0346229566280555,1.44555429422057,1.44555429422057,0,1.44555429422057,2,1.47558094984336,0.737790474921681,0.865573915701387,0.0346229566280555,1.44555429422057,-1.55769448154623,-1.06731337950557,2
2,2,50,-1,-1.57513725836548,-0.0315027451673097,2.43503875040248,0,2.43503875040248,-2.43503875040248,4,2.08603172862438,0.521507932156095,1.57513725836548,0.0315027451673097,2.43503875040248,-0.373869431064746,-0.197513869633782,2
2,2,200,1,2.22338129592708,0.0111169064796354,3.30026626718376,3.30026626718376,0,3.30026626718376,3,3.42202872903736,1.14067624301245,2.22338129592708,0.0111169064796354,3.30026626718376,0.94709402175043,1.15609949169623,2
2,2,50,-1,-1.45621478673619,-0.0291242957347237,2.5399433685046,0,2.5399433685046,-2.5399433685046,3,1.70244266035459,0.567480886784862,1.45621478673619,0.0291242957347237,2.5399433685046,0.157945205907375,-0.492656972784222,2
2,2,200,1,1.95942292319903,0.00979711461599515,3.41225943091895,3.41225943091895,0,3.41225943091895,3,2.97030333850694,0.990101112835646,1.95942292319903,0.00979711461599515,3.41225943091895,-0.154268678323034,0.495136231065435,2
2,2,400,1,1.38045791739531,0.00345114479348828,2.10424812578815,2.10424812578815,0,2.10424812578815,3,1.77807314092814,0.592691046976047,1.38045791739531,0.00345114479348828,2.10424812578815,0.508176025080906,1.14624071253854,2
2,2,50,1,2.5569449574694,0.0511388991493881,3.26076302089479,3.26076302089479,0,3.26076302089479,6,4.49198938745244,0.748664897908741,2.5569449574694,0.0511388991493881,3.26076302089479,1.48188043827748,2.23914731845353,2
2,2,400,-1,-0.387351182506849,-0.000968377956267123,0.728703378838701,0.0506520051994199,0.678051373639281,0,3,1.09605792797809,0.365352642659363,0.387351182506849,0.000968377956267123,-0,1.24678441258138,-1.23887089885731,2
2,2,200,-1,-1.03715472514476,-0.00518577362572379,1.78176863322528,0,1.78176863322528,-1.78176863322528,3,1.43322056248561,0.477740187495205,1.03715472514476,0.00518577362572379,1.78176863322528,1.14364641002898,-1.81426350140706,2
2,2,50,-1,-1.18541519950791,-0.0237083039901582,2.1261268578029,0,2.1261268578029,-2.1261268578029,3,1.33611543134315,0.445371810447716,1.18541519950791,0.0237083039901582,2.1261268578029,1.36894580319504,-1.16473037835176,2
2,2,400,1,0.646736175394399,0.001616840438486,1.01183567000078,1.01183567000078,0,1.01183567000078,2,0.825328575368174,0.412664287684087,0.646736175394399,0.001616840438486,1.01183567000078,-1.25404576999825,-0.615914537145188,2
2,2,100,1,1.94886366236682,0.0194886366236682,2.84747937513607,2.84747937513607,0,2.84747937513607,6,4.10666461578622,0.684444102631037,1.94886366236682,0.0194886366236682,2.84747937513607,-0.541523512796095,0.427567784649725,2
2,2,100,1,2.25558421980831,0.0225558421980831,3.19503965554018,3.19503965554018,0,3.19503965554018,3,2.5358980563556,0.845299352118534,2.25558421980831,0.0225558421980831,3.19503965554018,0.669767876986823,0.935846458639641,2
2,2,50,-1,-1.44040645351435,-0.0288081290702869,2.19723416023789,0,2.19723416023789,-2.19723416023789,3,1.81568237233339,0.605227457444462,1.44040645351435,0.0288081290702869,2.19723416023789,0.228639187274602,-0.531890268719017,2
2,2,25,1,1.40975809875364,0.0563903239501455,2.29270010506535,2.29270010506535,0,2.29270010506535,4,2.45824261158009,0.614560652895021,1.40975809875364,0.0563903239501455,2.29270010506535,-0.11539318330036,0.207608189270674,2
2,2,200,1,2.26004200173615,0.0113002100086807,3.16713890788771,3.16713890788771,0,3.16713890788771,3,3.20160469102258,1.06720156367419,2.26004200173615,0.0113002100086807,3.16713890788771,1.10006031533365,1.24789949560651,2
2,2,400,1,1.53789998520532,0.0038447499630133,2.51359619420192,2.51359619420192,0,2.51359619420192,2,2.60477825631491,1.30238912815745,1.53789998520532,0.0038447499630133,2.51359619420192,0.886313713355624,1.52436412149719,2
2,2,25,-1,-1.27228145170552,-0.0508912580682209,2.10103911374749,0,2.10103911374749,-2.10103911374749,3,2.07976855860798,0.693256186202659,1.27228145170552,0.0508912580682209,2.10103911374749,-0.242280398982499,-0.114473833660617,2
2,2,50,-1,-1.80049592287623,-0.0360099184575246,3.14292146561432,0,3.14292146561432,-3.14292146561432,3,2.18083110827116,0.726943702757053,1.80049592287623,0.0360099184575246,3.14292146561432,-1.38166076531227,0.361783752205705,2
2,2,100,1,2.44561942865953,0.0244561942865953,3.52715758865788,3.52715758865788,0,3.52715758865788,6,7.98840261452428,1.33140043575405,2.44561942865953,0.0244561942865953,3.52715758865788,1.42024907771626,1.25076126178167,2
2,2,400,1,1.48470231399106,0.00371175578497765,2.57529155169199,2.57529155169199,0,2.57529155169199,2,0.966315186304164,0.483157593152082,1.48470231399106,0.00371175578497765,2.57529155169199,0.758545800405988,1.39660103334674,2
2,2,400,-1,-0.639854887484851,-0.00159963721871213,1.22891837886861,0,1.22891837886861,-1.22891837886861,2,1.16656548218212,0.583282741091058,0.639854887484851,0.00159963721871213,1.22891837886861,-0.0117101868438162,-0.632441098810548,2
2,2,50,1,1.230733716563,0.0246146743312601,2.04837454854244,2.04837454854244,0,2.04837454854244,3,2.02111323257416,0.673704410858053,1.230733716563,0.0246146743312601,2.04837454854244,-1.17737914707276,-1.05225838234826,2
2,2,100,1,1.92668979526636,0.0192668979526636,2.66109070956346,2.66109070956346,0,2.66109070956346,4,3.17762721817739,0.794406804544347,1.92668979526636,0.0192668979526636,2.66109070956346,-0.629091866613082,0.390822599191456,2
2,2,25,1,1.41999074751645,0.0567996299006581,2.1580176773834,2.1580176773834,0,2.1580176773834,5,2.91510353250783,0.583020706501566,1.41999074751645,0.0567996299006581,2.1580176773834,-0.0882726548933746,0.231581367874011,2
2,2,100,-1,-0.442769407574289,-0.00442769407574289,0.832989171422139,0,0.832989171422139,-0.832989171422139,1,0.397384833910801,0.397384833910801,0.442769407574289,0.00442769407574289,0.832989171422139,1.41201951354785,-2.06824011657258,2
2,2,25,-1,-0.451188843576118,-0.0180475537430447,0.926340594869523,0,0.926340594869523,-0.926340594869523,0,0,NaN,0.451188843576118,0.0180475537430447,0.926340594869523,1.46781354278676,-2.03813995382494,2
3,2,50,1,2.03027406184541,0.0406054812369082,3.48113806877561,3.48113806877561,0,3.48113806877561,2,3.6192912324504,1.8096456162252,2.03027406184541,0.0406054812369082,3.48113806877561,0.487092172416259,1.09801146156062,2
3,2,100,-1,-1.85618097126564,-0.0185618097126564,2.31721980275761,0,2.31721980275761,-2.31721980275761,5,3.37111658115141,0.674223316230283,1.85618097126564,0.0185618097126564,2.31721980275761,-0.411167540164159,0.0366419929352887,2
3,2,100,-1,-2.09755297243896,-0.0209755297243896,3.47516970199836,0,3.47516970199836,-3.47516970199836,2,2.2428684466706,1.1214342233353,2.09755297243896,0.0209755297243896,3.47516970199836,-0.700314107531945,0.325152688771313,2
3,2,50,1,2.57595912599429,0.0515191825198859,4.34807612255907,4.34807612255907,0,4.34807612255907,2,1.78552574164184,0.89276287082092,2.57595912599429,0.0515191825198859,4.34807612255907,1.25987479979263,1.93325657455538,2
3,2,200,1,2.18677700571476,0.0109338850285738,3.72595155214405,3.72595155214405,0,3.72595155214405,4,3.67335856007699,0.918339640019248,2.18677700571476,0.0109338850285738,3.72595155214405,0.913059894222258,1.05022656503379,2
3,2,50,1,1.89405514547657,0.0378811029095314,3.43930655461959,3.43930655461959,0,3.43930655461959,1,1.82127813724077,1.82127813724077,1.89405514547657,0.0378811029095314,3.43930655461959,0.294183077031614,0.889509906965256,2
3,2,25,-1,-1.42116176481469,-0.0568464705925877,2.48985793389035,0,2.48985793389035,-2.48985793389035,1,0.549297781237085,0.549297781237085,1.42116176481469,0.0568464705925877,2.48985793389035,-1.67492293691112,0.718455244948512,2
3,2,100,-1,-2.36893200614255,-0.0236893200614255,4.28944896673812,0,4.28944896673812,-4.28944896673812,1,1.77439304417478,1.77439304417478,2.36893200614255,0.0236893200614255,4.28944896673812,-1.0254069752612,0.649530634301596,2
3,2,50,-1,-1.12423217490213,-0.0224846434980427,1.93973556884082,0,1.93973556884082,-1.93973556884082,1,0.703925690423292,0.703925690423292,1.12423217490213,0.0224846434980427,1.93973556884082,-0.549096112706795,-0.288808717251242,2
3,2,400,1,1.73042167465257,0.00432605418663143,3.15162067712356,3.15162067712356,0,3.15162067712356,4,2.14417093868576,0.536042734671439,1.73042167465257,0.00432605418663143,3.15162067712356,0.583016511484825,1.05525581871591,2
3,2,200,1,1.92291416988536,0.0096145708494268,3.23543108965357,3.23543108965357,0,3.23543108965357,2,1.91593944474286,0.957969722371428,1.92291416988536,0.0096145708494268,3.23543108965357,0.128501438337741,0.601128240199492,2
3,2,25,1,1.22991169957328,0.0491964679829311,2.28330689023901,2.28330689023901,0,2.28330689023901,1,1.31817016787506,1.31817016787506,1.22991169957328,0.0491964679829311,2.28330689023901,-0.210412116819846,0.264378569754958,2
3,2,400,-1,-1.21703087654659,-0.00304257719136648,2.09499629264276,0,2.09499629264276,-2.09499629264276,2,1.94099328395952,0.97049664197976,1.21703087654659,0.00304257719136648,2.09499629264276,-1.22594087501293,0.0564804764269847,2
3,2,25,-1,-0.87818746854588,-0.0351274987418352,1.49852471161835,0.0335513696457466,1.4649733419726,0,3,1.54485186516198,0.514950621720662,0.87818746854588,0.0351274987418352,-0,0.11412249779474,-0.570704906992245,2
3,2,400,-1,-0.72831376484479,-0.00182078441211198,1.31983622188118,0,1.31983622188118,-1.31983622188118,2,1.43217866390107,0.716089331950536,0.72831376484479,0.00182078441211198,1.31983622188118,0.14828529308288,-0.894293480416824,2
3,2,400,1,1.37492132225695,0.00343730330564237,2.25727572181481,2.25727572181481,0,2.25727572181481,3,1.65024924308782,0.550083081029275,1.37492132225695,0.00343730330564237,2.25727572181481,-0.946904583680271,0.363648202339274,2
3,2,200,1,2.19056391253535,0.0109528195626768,3.94400036001805,3.94400036001805,0,3.94400036001805,1,1.58848475581307,1.58848475581307,2.19056391253535,0.0109528195626768,3.94400036001805,0.924319720784811,1.05667193466717,2
3,2,25,1,1.11459364680674,0.0445837458722695,2.26437121854764,2.26437121854764,0,2.26437121854764,1,1.52365155926658,1.52365155926658,1.11459364680674,0.0445837458722695,2.26437121854764,-0.467493487601257,-0.00941604528962717,2
3,2,200,-1,-0.887104240554027,-0.00443552120277014,1.69876070565153,0,1.69876070565153,-1.69876070565153,1,0.298482321385089,0.298482321385089,0.887104240554027,0.00443552120277014,1.69876070565153,0.572710752606186,-1.16183509128764,2
3,2,400,1,1.35475107469035,0.00338687768672587,2.28868376707952,2.28868376707952,0,2.28868376707952,4,1.80484386328675,0.451210965821687,1.35475107469035,0.00338687768672587,2.28868376707952,-1.0337086811696,0.32440802508697,2
3,2,100,1,1.68817470358843,0.0168817470358843,3.17127478056767,3.17127478056767,0,3.17127478056767,2,1.90190899268332,0.95095449634166,1.68817470358843,0.0168817470358843,3.17127478056767,-0.565190603815616,-0.1641750237723,2
3,2,25,-1,-0.700154431246784,-0.0280061772498714,1.26531645773689,0,1.26531645773689,-1.26531645773689,1,0.34997276146494,0.34997276146494,0.700154431246784,0.0280061772498714,1.26531645773689,0.700723364162605,-0.993400970124764,2
3,2,400,-1,-0.953148597521693,-0.00238287149380423,1.59967361765002,0,1.59967361765002,-1.59967361765002,3,1.41388842823651,0.471296142745503,0.953148597521693,0.00238287149380423,1.59967361765002,-0.483928933032791,-0.456888899357327,2
3,2,400,1,1.61807370685124,0.00404518426712811,3.21936444015061,3.21936444015061,0,3.21936444015061,1,1.29574294651682,1.29574294651682,1.61807370685124,0.00404518426712811,3.21936444015061,0.0995190275023124,0.836688636736395,2
3,2,200,1,1.40581262714445,0.00702906313572226,2.83167233981905,2.83167233981905,0,2.83167233981905,1,1.45567373471367,1.45567373471367,1.40581262714445,0.00702906313572226,2.83167233981905,-1.40902614349502,-0.278985989923934,2
3,2,400,-1,-0.757547614623302,-0.00189386903655825,1.3852558053889,0,1.3852558053889,-1.3852558053889,0,0,NaN,0.757547614623302,0.00189386903655825,1.3852558053889,0.066082480048733,-0.837420532115698,2
3,2,25,1,1.25647784011176,0.0502591136044705,2.5883900703883,2.47173634159279,0.116653728795505,0,3,2.01971366451827,0.673237888172755,1.25647784011176,0.0502591136044705,0,-0.151187566438023,0.327453396700576,2
3,2,25,1,0.9279204938147,0.037116819752588,1.70510324612787,1.70510324612787,0,1.70510324612787,1,1.34085610594795,1.34085610594795,0.9279204938147,0.037116819752588,1.70510324612787,-0.883648537985582,-0.452625957670702,2
3,2,200,-1,-0.451228832642485,-0.00225614416321242,0.705147758236718,0,0.705147758236718,-0.705147758236718,2,1.38488465394181,0.692442326970906,0.451228832642485,0.00225614416321242,0.705147758236718,1.24258138843373,-1.90370127685424,2
3,2,100,1,1.46650363929414,0.0146650363929414,2.58961876164907,2.57547835100074,0.0141404106483305,0,3,1.92717811263749,0.642392704212498,1.46650363929414,0.0146650363929414,0,-0.843649507467821,-0.42913729236755,2
3,2,200,1,1.6924150041061,0.00846207502053052,3.10567466526888,3.10567466526888,0,3.10567466526888,1,1.39696388491773,1.39696388491773,1.6924150041061,0.00846207502053052,3.10567466526888,-0.556854909849789,0.208815359525016,2
3,2,50,1,0.927749389207409,0.0185549877841482,1.62026941238856,1.59410765478624,0.0261617576023194,0,2,1.86913425687353,0.934567128436765,0.927749389207409,0.0185549877841482,0,-1.07426980951257,-0.589552309702469,2
3,2,25,-1,-0.660769013855659,-0.0264307605542264,1.21314871998923,0,1.21314871998923,-1.21314871998923,1,0.401838507227356,0.401838507227356,0.660769013855659,0.0264307605542264,1.21314871998923,0.830494334283617,-1.08691204609484,2
3,2,25,1,2.0925737962941,0.0837029518517642,2.89291477052289,2.89291477052289,0,2.89291477052289,5,2.8213959192938,0.56427918385876,2.0925737962941,0.0837029518517642,2.89291477052289,1.71274170884471,2.31255950083089,2
3,2,50,1,1.00358039549673,0.0200716079099346,1.89471181336364,1.89471181336364,0,1.89471181336364,2,1.99110478999323,0.995552394996614,1.00358039549673,0.0200716079099346,1.89471181336364,-0.966880239727927,-0.473482654185293,2
3,2,50,-1,-0.891499268931892,-0.0178299853786378,1.72786264168526,0.0397267995535917,1.68813584213167,0,2,0.522258894590832,0.261129447295416,0.891499268931892,0.0178299853786378,-0,0.142720474500541,-0.645038042765042,2
3,2,400,-1,-0.249202036229994,-0.000623005090574986,0.819678033878844,0.284448411491724,0.535229622387119,0,5,2.49418748064717,0.498837496129434,0.249202036229994,0.000623005090574986,-0,1.4955020349141,-1.82638065943771,2
3,2,100,1,1.67044733461445,0.0167044733461445,2.55256615863414,2.55256615863414,0,2.55256615863414,5,4.1790108731734,0.835802174634681,1.67044733461445,0.0167044733461445,2.55256615863414,-0.587459381857742,-0.185364455575334,2
3,2,200,-1,-1.90014379958303,-0.00950071899791516,3.39614808127144,0,3.39614808127144,-3.39614808127144,2,2.28410296101397,1.14205148050698,1.90014379958303,0.00950071899791516,3.39614808127144,-0.984168670292866,0.562372743895936,2
3,2,100,1,3.37987329307525,0.0337987329307525,5.26470244600253,5.25501366569498,0.00968878030755135,0,5,3.34343766622515,0.668687533245031,3.37987329307525,0.0337987329307525,0,1.55988844535201,1.85790348916676,2
3,2,200,-1,-1.94528026820218,-0.00972640134101091,3.27556712534671,0,3.27556712534671,-3.27556712534671,2,1.25852375845924,0.629261879229619,1.94528026820218,0.00972640134101091,3.27556712534671,-1.0535361876708,0.639195659794947,2
3,2,200,-1,-1.11503824904369,-0.00557519124521845,1.69875609574565,0,1.69875609574565,-1.69875609574565,2,1.34827454138178,0.674137270690889,1.11503824904369,0.00557519124521845,1.69875609574565,0.222412716923759,-0.773888145050545,2
3,2,50,-1,-1.4101484113203,-0.028202968226406,2.67828538378555,0,2.67828538378555,-2.67828538378555,3,1.69981453333989,0.566604844446629,1.4101484113203,0.028202968226406,2.67828538378555,-1.39900426850182,0.148824919591295,2
3,2,25,-1,-0.903845237902085,-0.0361538095160834,1.69090140127937,0,1.69090140127937,-1.69090140127937,3,1.26273931156373,0.420913103854576,0.903845237902085,0.0361538095160834,1.69090140127937,0.0295827406701606,-0.509786786062758,2
3,2,50,-1,-0.707681483410688,-0.0141536296682138,1.20184317555083,0,1.20184317555083,-1.20184317555083,1,0.554369031937708,0.554369031937708,0.707681483410688,0.0141536296682138,1.20184317555083,0.689133077897289,-0.926396132119334,2
3,2,100,-1,-0.575717322106835,-0.00575717322106835,1.00100409428162,0,1.00100409428162,-1.00100409428162,1,0.594110566194238,0.594110566194238,0.575717322106835,0.00575717322106835,1.00100409428162,1.12273724992642,-1.49388953771344,2
3,2,50,-1,-0.563996833074086,-0.0112799366614817,0.945341122729296,0,0.945341122729296,-0.945341122729296,1,0.427929838904669,0.427929838904669,0.563996833074086,0.0112799366614817,0.945341122729296,1.11624682881078,-1.14632500664917,2
3,2,100,-1,-0.666361975591849,-0.00666361975591849,1.02629612151584,0.010952849963214,1.01534327155262,0,3,1.39416045605966,0.464720152019888,0.666361975591849,0.00666361975591849,-0,1.01415137303089,-1.38554245551811,2
3,2,100,1,2.48551356112936,0.0248551356112936,4.75168884751764,4.75168884751764,0,4.75168884751764,1,1.78072163046649,1.78072163046649,2.48551356112936,0.0248551356112936,4.75168884751764,0.436411047789166,0.788879959771771,2
3,2,400,1,1.89657698455655,0.00474144246139138,3.24468441097613,3.24468441097613,0,3.24468441097613,1,0.61145956073522,0.61145956073522,1.89657698455655,0.00474144246139138,3.24468441097613,1.29807772586273,1.37850241202203,2
4,2,200,-1,0.172340611600054,0.000861703058000269,0.603253336889185,0.439963300040498,0.163290036848687,0,2,0.713235877528732,0.356617938764366,-0.172340611600054,-0.000861703058000269,-0,1.50283094424592,-1.53772241053849,2
4,2,50,-1,-0.215499134927478,-0.00430998269854955,0.447664156511552,0,0.447664156511552,-0.447664156511552,0,0,NaN,0.215499134927478,0.00430998269854955,0.447664156511552,1.7712503828162,-0.75520590187502,2
4,2,50,-1,-0.654882360926701,-0.013097647218534,1.20547766441499,0,1.20547766441499,-1.20547766441499,1,0.469801530284863,0.469801530284863,0.654882360926701,0.013097647218534,1.20547766441499,-0.472383624083869,1.03212804955632,2
4,2,25,1,0.193614395112582,0.00774457580450327,0.382851334818742,0.382851334818742,0,0.382851334818742,0,0,NaN,0.193614395112582,0.00774457580450327,0.382851334818742,-0.278512195315854,-0.626393154395643,2
4,2,50,1,0.230421890799673,0.00460843781599346,0.45331418965218,0.45331418965218,0,0.45331418965218,1,0.17846849323265,0.17846849323265,0.230421890799673,0.00460843781599346,0.45331418965218,-0.0526389658320722,-0.694502746540313,2
4,2,100,-1,-0.392194090778894,-0.00392194090778893,0.724833586779307,0,0.724833586779307,-0.724833586779307,1,0.347107124776267,0.347107124776267,0.392194090778894,0.00392194090778893,0.724833586779307,0.660079059017599,0.0743350440020776,2
4,2,400,-1,-0.0726632851299497,-0.000181658212824874,0.124838045207884,0,0.124838045207884,-0.124838045207884,2,0.741894617668102,0.370947308834051,0.0726632851299497,0.000181658212824874,0.124838045207884,0.290418368737456,0.00017016853400514,2
4,2,200,1,0.632722284565271,0.00316361142282635,1.49421374447769,1.32674926434143,0.167464480136254,0,2,1.15114781510851,0.575573907554255,0.632722284565271,0.00316361142282635,0,1.2182130968655,0.0498888396239041,2
4,2,200,-1,-1.31284084181086,-0.00656420420905432,1.96447523527131,0,1.96447523527131,-1.96447523527131,4,2.25357177280028,0.56339294320007,1.31284084181086,0.00656420420905432,1.96447523527131,-0.755022380880792,1.39110562910762,2
4,2,50,1,-0.0485606740080836,-0.000971213480161672,0.0811099688313811,0,0.0811099688313811,-0.0811099688313811,1,0.211858807945398,0.211858807945398,-0.0485606740080836,-0.000971213480161672,-0.0811099688313811,-1.59675716945952,-1.82935492211968,2
4,2,25,-1,-0.481243544776455,-0.0192497417910582,0.965485812944779,0,0.965485812944779,-0.965485812944779,1,0.417317124917403,0.417317124917403,0.481243544776455,0.0192497417910582,0.965485812944779,-0.816558466317614,1.45457434606093,2
4,2,100,-1,-0.559681289457919,-0.00559681289457919,0.954820353724292,0,0.954820353724292,-0.954820353724292,2,1.03155931006306,0.515779655031532,0.559681289457919,0.00559681289457919,0.954820353724292,-0.538525414597243,1.22492437978659,2
4,2,25,1,0.149799548162608,0.00599198192650434,0.301454460185126,0.301454460185126,0,0.301454460185126,0,0,NaN,0.149799548162608,0.00599198192650434,0.301454460185126,-0.909105492607215,-0.943389093948099,2
4,2,100,-1,-0.641690059343699,-0.00641690059343699,1.28358188893044,0,1.28358188893044,-1.28358188893044,1,0.525149727009811,0.525149727009811,0.641690059343699,0.00641690059343699,1.28358188893044,-1.12541252737964,1.78830126360572,2
4,2,100,1,0.232391446343314,0.00232391446343314,0.433275089446135,0.433275089446135,0,0.433275089446135,0,0,NaN,0.232391446343314,0.00232391446343314,0.433275089446135,-0.71675489857771,-1.02346359355295,2
4,2,200,1,0.100524620622303,0.000502623103111513,0.179713355149265,0.179713355149265,0,0.179713355149265,1,0.246027823191238,0.246027823191238,0.100524620622303,0.000502623103111513,0.179713355149265,-1.55156819116237,-0.99962294710796,2
4,2,200,1,0.383315670219019,0.0019165783510951,0.70790896075575,0.70790896075575,0,0.70790896075575,1,0.419785987045961,0.419785987045961,0.383315670219019,0.0019165783510951,0.70790896075575,-0.0798042007088444,-0.441949436226419,2
4,2,50,1,0.251732068569705,0.0050346413713941,0.431556775986728,0.431556775986728,0,0.431556775986728,2,0.665501545896422,0.332750772948211,0.251732068569705,0.0050346413713941,0.431556775986728,0.0653090265090192,-0.607816678466602,2
4,2,50,1,0.43852587150694,0.0087705174301388,0.880969336005885,0.880969336005885,0,0.880969336005885,1,0.357897401857214,0.357897401857214,0.43852587150694,0.0087705174301388,0.880969336005885,1.09917905218227,0.152027772006995,2
4,2,50,-1,-0.605100852068414,-0.0121020170413683,1.12493518817346,0,1.12493518817346,-1.12493518817346,2,0.637369971927122,0.318684985963561,0.605100852068414,0.0121020170413683,1.12493518817346,-0.218183009266937,0.829625596865845,2
4,2,25,1,0.198862209206817,0.00795448836827267,0.396015855062218,0.396015855062218,0,0.396015855062218,0,0,NaN,0.198862209206817,0.00795448836827267,0.396015855062218,-0.202984454752612,-0.588425755780785,2
4,2,200,1,0.420693641563819,0.0021034682078191,0.732673723722888,0.732673723722888,0,0.732673723722888,1,0.259789228072769,0.259789228072769,0.420693641563819,0.0021034682078191,0.732673723722888,0.114726539708615,-0.36823881299697,2
4,2,25,-1,-0.399084849094149,-0.015963393963766,0.69661673353466,0,0.69661673353466,-0.69661673353466,3,0.587460869834408,0.195820289944803,0.399084849094149,0.015963393963766,0.69661673353466,-0.315240104253318,0.860164579893012,2
4,2,50,1,0.327542853864972,0.00655085707729945,0.635132361122947,0.635132361122947,0,0.635132361122947,0,0,NaN,0.327542853864972,0.00655085707729945,0.635132361122947,0.484908056600309,-0.29943169145496,2
4,2,400,-1,-0.171959242833446,-0.000429898107083615,0.318155506312799,0,0.318155506312799,-0.318155506312799,1,0.871475737919768,0.871475737919768,0.171959242833446,0.000429898107083615,0.318155506312799,-0.0219266824850502,0.362407400446847,2
4,2,25,-1,-0.064721755288333,-0.00258887021153332,0.134953288461132,0,0.134953288461132,-0.134953288461132,0,0,NaN,0.064721755288333,0.00258887021153332,0.134953288461132,1.72498652214847,-1.55891822995131,2
4,2,400,-1,0.227149455351184,0.00056787363837796,0.61521650045877,0.511965485741228,0.103251014717542,0,2,0.775057647754352,0.387528823877176,-0.227149455351184,-0.00056787363837796,-0,1.23350837913213,-1.0935635515071,2
4,2,100,-1,-0.344155958983246,-0.00344155958983246,0.596974105087376,0,0.596974105087376,-0.596974105087376,0,0,NaN,0.344155958983246,0.00344155958983246,0.596974105087376,1.00385888295929,-0.255673234785885,2
4,2,400,1,-0.157196541932281,-0.000392991354830702,0.278041359641753,0,0.278041359641753,-0.278041359641753,0,0,NaN,-0.157196541932281,-0.000392991354830702,-0.278041359641753,-0.62356435092504,-0.838371393566818,2
4,2,25,-1,-0.3627757621624,-0.014511030486496,0.700123422193625,0,0.700123422193625,-0.700123422193625,0,0,NaN,0.3627757621624,0.014511030486496,0.700123422193625,-0.0936882424873966,0.597472046940351,2
4,2,100,1,0.214607237913401,0.00214607237913401,0.372441230463869,0.372441230463869,0,0.372441230463869,0,0,NaN,0.214607237913401,0.00214607237913401,0.372441230463869,-0.908333023196174,-1.14563603852912,2
4,2,400,-1,-0.150842811050771,-0.000377107027626926,0.270316361003283,0,0.270316361003283,-0.270316361003283,0,0,NaN,0.150842811050771,0.000377107027626926,0.270316361003283,0.0444970986973739,0.285373471032786,2
4,2,400,-1,-0.656627354154983,-0.00164156838538746,1.12414236417185,0,1.12414236417185,-1.12414236417185,3,1.01193421594563,0.337311405315211,0.656627354154983,0.00164156838538746,1.12414236417185,-1.54649716408191,2.13050389804835,2
4,2,400,1,-0.226255555138708,-0.00056563888784677,0.441391898852579,0,0.441391898852579,-0.441391898852579,0,0,NaN,-0.226255555138708,-0.00056563888784677,-0.441391898852579,-1.00015751243286,-1.0903025533148,2
4,2,200,1,0.45599174225162,0.0022799587112581,0.886980184858374,0.886980184858374,0,0.886980184858374,1,0.284509730757552,0.284509730757552,0.45599174225162,0.0022799587112581,0.886980184858374,0.298432755297101,-0.298629765022897,2
4,2,100,1,0.284429976350395,0.00284429976350395,0.551236457062621,0.542194132610731,0.00904232445188979,0,2,0.393123782418151,0.196561891209076,0.284429976350395,0.00284429976350395,0,-0.156176449109605,-0.665973718814556,2
4,2,25,-1,-0.429282284388547,-0.0171712913755419,0.737496943173736,0,0.737496943173736,-0.737496943173736,1,0.260034432167239,0.260034432167239,0.429282284388547,0.0171712913755419,0.737496943173736,-0.499499709090141,1.07863993789556,2
4,2,200,-1,-0.952683259778766,-0.00476341629889383,1.41319809140104,0,1.41319809140104,-1.41319809140104,3,1.37608772322353,0.458695907741176,0.952683259778766,0.00476341629889383,1.41319809140104,-0.207491308301622,0.680862700525276,2
4,2,400,1,0.0358866727289289,8.97166818223222e-05,0.0740878440839146,0.0740878440839146,0,0.0740878440839146,0,0,NaN,0.0358866727289289,8.97166818223222e-05,0.0740878440839146,0.429358574950051,-0.133992979527441,2
4,2,200,-1,-0.532888244477472,-0.00266444122238736,0.864565549910242,0,0.864565549910242,-0.864565549910242,2,0.59028488601618,0.29514244300809,0.532888244477472,0.00266444122238736,0.864565549910242,0.430703821992265,-0.146987262786863,2
4,2,100,1,0.31433227175799,0.0031433227175799,0.629471418993009,0.629471418993009,0,0.629471418993009,1,0.35590817532652,0.35590817532652,0.31433227175799,0.0031433227175799,0.629471418993009,0.165942227049125,-0.460553468892099,2
4,2,100,1,0.448878293573229,0.00448878293573229,0.833874942883031,0.833874942883031,0,0.833874942883031,1,0.346859512647524,0.346859512647524,0.448878293573229,0.00448878293573229,0.833874942883031,1.61532214383436,0.463739367180218,2
4,2,400,1,0.176171935472778,0.000440429838681944,0.306329909665531,0.306329909665531,0,0.306329909665531,1,0.199246977326523,0.199246977326523,0.176171935472778,0.000440429838681944,0.306329909665531,1.19436328840785,0.377775539854171,2
4,2,25,1,0.332268683505261,0.0132907473402105,0.574024831051814,0.574024831051814,0,0.574024831051814,1,0.425394836045119,0.425394836045119,0.332268683505261,0.0132907473402105,0.574024831051814,1.71703203198585,0.37675645085572,2
4,2,50,-1,-0.65581822094343,-0.0131163644188686,1.26891251086573,0,1.26891251086573,-1.26891251086573,2,0.517961416168145,0.258980708084073,0.65581822094343,0.0131163644188686,1.26891251086573,-0.477162430453767,1.03593496407356,2
4,2,50,-1,-0.680563779228552,-0.013611275584571,1.31737791786351,0,1.31737791786351,-1.31737791786351,2,0.579615927552858,0.289807963776429,0.680563779228552,0.013611275584571,1.31737791786351,-0.603521319011625,1.13659555795385,2
4,2,200,-1,-1.45492148715217,-0.00727460743576086,1.79751884941519,0,1.79751884941519,-1.79751884941519,5,2.60834408501264,0.521668817002527,1.45492148715217,0.00727460743576086,1.79751884941519,-0.971021077055772,1.6712934654228,2
4,2,25,1,0.190284980674504,0.00761139922698018,0.348839653478097,0.348839653478097,0,0.348839653478097,0,0,NaN,0.190284980674504,0.00761139922698018,0.348839653478097,-0.326429889310172,-0.650481127569734,2
5,2,400,-1,-1.55312179159672,-0.00388280447899179,2.83565685445106,0,2.83565685445106,-2.83565685445106,2,1.69214561045474,0.846072805227372,1.55312179159672,0.00388280447899179,2.83565685445106,1.15398234887793,-0.175666346156855,2
5,2,25,-1,-1.21719802933687,-0.0486879211734749,2.01065055491402,0,2.01065055491402,-2.01065055491402,2,2.01073547824432,1.00536773912216,1.21719802933687,0.0486879211734749,2.01065055491402,0.707106781186547,0.619665870532354,2
5,2,200,-1,-1.81894811877816,-0.00909474059389079,2.98582957061344,0,2.98582957061344,-2.98582957061344,3,1.34370638135684,0.447902127118946,1.81894811877816,0.00909474059389079,2.98582957061344,-0.0195139328372455,0.546443879598681,2
5,2,200,-1,-2.57535032514849,-0.0128767516257424,3.54135291435192,0,3.54135291435192,-3.54135291435192,5,2.4565468818331,0.49130937636662,2.57535032514849,0.0128767516257424,3.54135291435192,-1.39447629078963,1.5448973907193,2
5,2,400,-1,-1.81381320539509,-0.00453453301348773,2.75884260987001,0,2.75884260987001,-2.75884260987001,4,1.48881768584558,0.372204421461396,1.81381320539509,0.00453453301348773,2.75884260987001,-0.612255233459921,0.940038047477464,2
5,2,400,1,1.26986598895766,0.00317466497239414,1.96920668630748,1.96920668630748,0,1.96920668630748,4,2.023144562948,0.505786140737,1.26986598895766,0.00317466497239414,1.96920668630748,-0.767518014486083,-1.38794157579383,2
5,2,200,1,0.80386895432982,0.0040193447716491,1.38990605831669,1.38990605831669,0,1.38990605831669,4,1.09075247636792,0.272688119091981,0.80386895432982,0.0040193447716491,1.38990605831669,-0.0889477893191022,-0.793464104901064,2
5,2,50,1,0.786244030918976,0.0157248806183795,1.27170371349944,1.27170371349944,0,1.27170371349944,2,0.693670672358786,0.346835336179393,0.786244030918976,0.0157248806183795,1.27170371349944,NaN,NaN,2
5,2,100,-1,-1.95742471780855,-0.0195742471780855,2.83044835639535,0.0707027451952443,2.75974561120011,0,4,2.36675645873122,0.591689114682804,1.95742471780855,0.0195742471780855,-0,-0.707106781186551,0.707106781186551,2
5,2,400,-1,-1.80340346494525,-0.00450850866236313,2.65213512747028,0,2.65213512747028,-2.65213512747028,4,2.0148481543125,0.503712038578125,1.80340346494525,0.00450850866236313,2.65213512747028,-0.541727115418005,0.895486548878975,2
5,2,100,-1,-1.89907961681829,-0.0189907961681829,2.76304548904575,0,2.76304548904575,-2.76304548904575,5,2.24175815158577,0.448351630317153,1.89907961681829,0.0189907961681829,2.76304548904575,0.707106781186546,-0.707106781186546,2
5,2,25,-1,-1.45585375052537,-0.058234150021015,2.05499967708647,0,2.05499967708647,-2.05499967708647,3,2.1192761742939,0.706425391431302,1.45585375052537,0.058234150021015,2.05499967708647,-0.707106781186547,0.969943032153984,2
5,2,200,-1,-1.32774165421936,-0.00663870827109678,1.92147648158828,0,1.92147648158828,-1.92147648158828,3,2.48089272534636,0.82696424178212,1.32774165421936,0.00663870827109678,1.92147648158828,0.873384571507614,-0.101950341218493,2
5,2,200,1,0.187736136417213,0.000938680682086064,0.385268004580394,0.31719208596335,0.0680759186170439,0,5,3.01172378336846,0.602344756673692,0.187736136417213,0.000938680682086064,0,-0.952554800053612,-1.60676154134495,2
5,2,400,1,1.37256050883345,0.00343140127208363,2.26407112938481,2.26407112938481,0,2.26407112938481,2,1.00856665349673,0.504283326748367,1.37256050883345,0.00343140127208363,2.26407112938481,-0.363360175404217,-0.948430640783883,2
5,2,200,-1,-1.51081190876345,-0.00755405954381724,2.67049885779267,0,2.67049885779267,-2.67049885779267,3,1.28781407907328,0.429271359691093,1.51081190876345,0.00755405954381724,2.67049885779267,0.540605652119259,0.139703023739836,2
5,2,25,1,0.56263355469322,0.0225053421877288,0.845940887198309,0.845940887198309,0,0.845940887198309,4,1.42497375894803,0.356243439737007,0.56263355469322,0.0225053421877288,0.845940887198309,0.707106781186548,-0.341044332159319,2
5,2,200,1,1.61037882360633,0.00805189411803163,2.48643595587501,2.48643595587501,0,2.48643595587501,2,1.69047818515928,0.845239092579638,1.61037882360633,0.00805189411803163,2.48643595587501,1.04150258937271,0.271131693406681,2
5,2,400,1,1.75223913105814,0.00438059782764535,2.87852692100915,2.87852692100915,0,2.87852692100915,3,2.00679831536842,0.668932771789473,1.75223913105814,0.00438059782764535,2.87852692100915,1.1308781898903,0.676513966378138,2
5,2,25,1,-0.0556907915990432,-0.00222763166396173,0.491819766398634,0.196620685759422,0.295199080639211,0,6,2.7612183888858,0.4602030648143,-0.0556907915990432,-0.00222763166396173,0,-0.707106781186548,-1.24856457052702,2
6,2,25,-1,-1.02105172531421,-0.0408420690125682,1.54064872471721,0,1.54064872471721,-1.54064872471721,4,0.871231707225891,0.217807926806473,1.02105172531421,0.0408420690125682,1.54064872471721,-1.14742351097423,1.39020136761846,2
6,2,100,-1,-1.12056050222365,-0.0112056050222365,2.02712650759273,0,2.02712650759273,-2.02712650759273,1,0.796224673615488,0.796224673615488,1.12056050222365,0.0112056050222365,2.02712650759273,-0.707106781186547,0.356579141773879,2
6,2,50,1,0.552910751437942,0.0110582150287588,0.805051354408386,0.805051354408386,0,0.805051354408386,5,2.86817545574771,0.573635091149542,0.552910751437942,0.0110582150287588,0.805051354408386,-0.707106781186548,-0.70150031545863,2
6,2,25,-1,-0.76308379520544,-0.0305233518082176,1.29418381017479,0.000840137355610672,1.29334367281917,0,3,2.18905071437178,0.729683571457259,0.76308379520544,0.0305233518082176,-0,0.685803079182022,-1.08118096307988,2
6,2,200,-1,-0.982622880001689,-0.00491311440000845,1.50089236094527,0,1.50089236094527,-1.50089236094527,3,0.422194123231544,0.140731374410515,0.982622880001689,0.00491311440000845,1.50089236094527,NaN,-0.0572876070028661,2
6,2,400,1,0.526445782740246,0.00131611445685061,0.894284249297516,0.894284249297516,0,0.894284249297516,2,0.526360289807341,0.26318014490367,0.526445782740246,0.00131611445685061,0.894284249297516,-0.302324249758982,-0.285856181711127,2
6,2,100,1,0.781967772244032,0.00781967772244032,1.02771884446837,1.02771884446837,0,1.02771884446837,3,0.98692757924822,0.328975859749407,0.781967772244032,0.00781967772244032,1.02771884446837,-1.23120345445255,-1.50925149770189,2
6,2,200,1,0.547571210500521,0.00273785605250261,0.841034487624845,0.812158292021472,0.028876195603373,0,3,2.2767571529872,0.758919050995734,0.547571210500521,0.00273785605250261,0,-0.824216434862812,-0.989622513970191,2
6,2,200,1,0.853651833319481,0.00426825916659741,1.4259424529071,1.4259424529071,0,1.4259424529071,4,2.7036137019721,0.675903425493026,0.853651833319481,0.00426825916659741,1.4259424529071,-0.28824915661168,-0.333678245723567,2
6,2,400,1,0.669142145692676,0.00167285536423169,0.960449895029399,0.914175805393508,0.0462740896358911,0,3,0.859539401920557,0.286513133973519,0.669142145692676,0.00167285536423169,0,0.0642742688316856,0.120971709525222,2
6,2,400,1,0.940302794593374,0.00235075698648343,1.3652138212741,1.3652138212741,0,1.3652138212741,3,1.92096007887603,0.64032002629201,0.940302794593374,0.00235075698648343,1.3652138212741,0.760907947016034,0.894051784560678,2
6,2,100,1,1.02948673304968,0.0102948673304968,1.82279607317724,1.67439497127429,0.148401101902954,0,5,3.18996699169397,0.637993398338794,1.02948673304968,0.0102948673304968,0,-0.136888183921158,-0.14528700575848,2
6,2,100,1,1.09878227618015,0.0109878227618015,1.55149341687229,1.54713069124332,0.004362725628974,0,4,2.91812796971217,0.729531992428042,1.09878227618015,0.0109878227618015,0,0.16947691546605,0.236569236576467,2
6,2,50,-1,-0.513911380953784,-0.0102782276190757,0.789759308400963,0,0.789759308400963,-0.789759308400963,2,2.02652871047769,1.01326435523884,0.513911380953784,0.0102782276190757,0.789759308400963,0.707106781186548,-0.780026263220792,2
6,2,25,1,0.86904836219761,0.0347619344879044,1.32820006156197,1.26315230346913,0.0650477580928434,0,7,3.74322566935265,0.534746524193236,0.86904836219761,0.0347619344879044,0,-0.707106781186546,-0.0660200536050756,2
6,2,200,1,1.65357313427068,0.00826786567135339,1.91037493916476,1.90958215235551,0.000792786809242774,0,5,3.20590747195057,0.641181494390113,1.65357313427068,0.00826786567135339,0,1.11246559147449,1.38058836669662,2
6,2,400,1,1.0338608212486,0.00258465205312151,1.43927005668443,1.43927005668443,0,1.43927005668443,5,3.58377018298701,0.716754036597402,1.0338608212486,0.00258465205312151,1.43927005668443,1.00126609815902,1.16078608601635,2
6,2,50,-1,-1.58369727363323,-0.0316739454726646,2.36349675525459,0,2.36349675525459,-2.36349675525459,6,4.22642352653581,0.704403921089302,1.58369727363323,0.0316739454726646,2.36349675525459,-0.707106781186548,1.37400725276553,2
6,2,400,1,0.0508672385231292,0.000127168096307823,0.0930326549540523,0.0930326549540523,0,0.0930326549540523,1,0.513798646267228,0.513798646267228,0.0508672385231292,0.000127168096307823,0.0930326549540523,-1.52412406424775,-1.6417324791722,2
6,2,400,-1,-0.539646487982152,-0.00134911621995538,0.936995979070909,0,0.936995979070909,-0.936995979070909,2,0.252578850580288,0.126289425290144,0.539646487982152,0.00134911621995538,0.936995979070909,NaN,-0.248220919218923,2
6,2,50,1,0.954704777769334,0.0190940955553867,1.49975200397719,1.49975200397719,0,1.49975200397719,4,3.40784389773064,0.851960974432659,0.954704777769334,0.0190940955553867,1.49975200397719,0.707106781186548,0.107519325913894,2
6,2,100,1,1.33155899737135,0.0133155899737135,1.73818336970167,1.73818336970167,0,1.73818336970167,5,3.72145927295348,0.744291854590696,1.33155899737135,0.0133155899737135,1.73818336970167,1.19861472290766,1.51929594657223,2
6,2,25,1,0.931884144796438,0.0372753657918575,1.46029625906621,1.46029625906621,0,1.46029625906621,4,3.55329564952042,0.888323912380105,0.931884144796438,0.0372753657918575,1.46029625906621,0.707106781186548,0.535958815570146,2
6,2,100,-1,-0.972755722199814,-0.00972755722199814,1.27401458040602,0,1.27401458040602,-1.27401458040602,6,5.73299732781006,0.955499554635011,0.972755722199814,0.00972755722199814,1.27401458040602,0.707106781186547,-0.457905821462197,2
6,2,25,-1,-0.79463032296365,-0.031785212918546,1.26372500378966,0.0160229317700221,1.24770207201964,0,3,2.48607156585259,0.828690521950863,0.79463032296365,0.031785212918546,-0,0.461620431792211,-0.778959166503643,2
7,2,100,1,0.731242429265182,0.00731242429265182,1.35129883605904,1.35129883605904,0,1.35129883605904,2,0.822964580377223,0.411482290188612,0.731242429265182,0.00731242429265182,1.35129883605904,-0.325323293677212,-0.601086219125836,2
7,2,25,1,0.438247403786088,0.0175298961514435,0.868521581380145,0.868521581380145,0,0.868521581380145,1,0.587531324223843,0.587531324223843,0.438247403786088,0.0175298961514435,0.868521581380145,-0.423492423867798,-0.594167217817508,2
7,2,100,-1,-1.55304448103812,-0.0155304448103812,2.80899443430129,0,2.80899443430129,-2.80899443430129,1,1.06455049300254,1.06455049300254,1.55304448103812,0.0155304448103812,2.80899443430129,-0.850125724891967,1.35503002548455,2
7,2,25,-1,-0.851502020538105,-0.0340600808215242,1.65253127544311,0,1.65253127544311,-1.65253127544311,1,0.881029254490148,0.881029254490148,0.851502020538105,0.0340600808215242,1.65253127544311,-0.579550989712189,0.542191090192755,2
7,2,50,1,0.985081894935593,0.0197016378987119,1.6708735871368,1.6708735871368,0,1.6708735871368,1,0.553543317078162,0.553543317078162,0.985081894935593,0.0197016378987119,1.6708735871368,0.154882046816378,0.366119700286435,2
7,2,400,1,1.01170523669023,0.00252926309172556,1.61137797175916,1.61137797175916,0,1.61137797175916,2,0.986825674324144,0.493412837162072,1.01170523669023,0.00252926309172556,1.61137797175916,1.41201217218513,1.5823451155194,2
7,2,25,-1,-1.05819767702128,-0.0423279070808514,2.12487365002022,0,2.12487365002022,-2.12487365002022,1,0.632581512440402,0.632581512440402,1.05819767702128,0.0423279070808514,2.12487365002022,-1.26980954095165,1.11055818629525,2
7,2,25,-1,-0.392620456181375,-0.015704818247255,0.765612601016148,0,0.765612601016148,-0.765612601016148,1,0.646340931116045,0.646340931116045,0.392620456181375,0.015704818247255,0.765612601016148,0.952880456563271,-0.719631178479991,2
7,2,400,-1,-0.61346333193934,-0.00153365832984835,0.883167468195055,0.00902319526774209,0.874144272927313,0,4,1.27954160253617,0.319885400634043,0.61346333193934,0.00153365832984835,-0,0.872786371678222,0.0303404338453518,2
7,2,25,-1,-0.726111536362414,-0.0290444614544966,1.23358718865846,0,1.23358718865846,-1.23358718865846,2,0.846206297177697,0.423103148588849,0.726111536362414,0.0290444614544966,1.23358718865846,-0.160810434545416,0.197395139554944,2
7,2,50,-1,-0.676132727412158,-0.0135226545482432,1.21575319451434,0,1.21575319451434,-1.21575319451434,3,1.11151832509837,0.370506108366125,0.676132727412158,0.0135226545482432,1.21575319451434,0.325049593337975,-0.371681348729228,2
7,2,400,-1,-0.749705587284437,-0.00187426396821109,1.26492212483405,0,1.26492212483405,-1.26492212483405,2,0.938998281118365,0.469499140559183,0.749705587284437,0.00187426396821109,1.26492212483405,-0.644049910325604,0.5612956538132,2
7,2,200,-1,-0.720043434478545,-0.00360021717239273,1.43530706637366,0,1.43530706637366,-1.43530706637366,1,0.621323026918569,0.621323026918569,0.720043434478545,0.00360021717239273,1.43530706637366,0.555480970793286,-0.882102513833847,2
7,2,25,1,0.964857857613498,0.0385943143045399,1.61038390390657,1.61038390390657,0,1.61038390390657,2,0.840822693489634,0.420411346744817,0.964857857613498,0.0385943143045399,1.61038390390657,0.735351441134393,0.853894437234555,2
7,2,200,-1,-1.00791456756694,-0.00503957283783472,1.64459818998733,0,1.64459818998733,-1.64459818998733,2,0.938012468703249,0.469006234351625,1.00791456756694,0.00503957283783472,1.64459818998733,0.0244343064958851,-0.167151491874426,2
7,2,50,1,0.153226457726885,0.0030645291545377,0.267316574352315,0.267316574352315,0,0.267316574352315,0,0,NaN,0.153226457726885,0.0030645291545377,0.267316574352315,-1.3411178707179,-1.62043303627471,2
7,2,50,-1,-0.596364393608493,-0.0119272878721699,1.06897961573565,0,1.06897961573565,-1.06897961573565,2,0.750634732204224,0.375317366102112,0.596364393608493,0.0119272878721699,1.06897961573565,0.618189336381064,-0.562175988447301,2
7,2,25,1,0.144975741629129,0.00579902966516515,0.25437931904777,0.25437931904777,0,0.25437931904777,0,0,NaN,0.144975741629129,0.00579902966516515,0.25437931904777,-1.06885763452685,-1.4005990791608,2
7,2,400,1,0.767080628687016,0.00191770157171754,1.23999466036291,1.23999466036291,0,1.23999466036291,3,0.875461602929448,0.291820534309816,0.767080628687016,0.00191770157171754,1.23999466036291,0.710247499018005,0.629008632481154,2
7,2,100,-1,-0.682603775932466,-0.00682603775932466,1.2694877821825,0,1.2694877821825,-1.2694877821825,1,0.73807147960619,0.73807147960619,0.682603775932466,0.00682603775932466,1.2694877821825,0.986628553695543,-0.716859670524308,2
7,2,50,1,0.904979235830477,0.0180995847166095,1.57963929067354,1.57963929067354,0,1.57963929067354,0,0,NaN,0.904979235830477,0.0180995847166095,1.57963929067354,0.0108262817694707,0.174826658811527,2
7,2,200,-1,-1.96192505570544,-0.0098096252785272,2.60325795509714,0,2.60325795509714,-2.60325795509714,4,3.26383050462851,0.815957626157128,1.96192505570544,0.0098096252785272,2.60325795509714,-1.73546458296696,2.20220998642697,2
7,2,25,1,0.365530021053301,0.014621200842132,0.694466249597358,0.694466249597358,0,0.694466249597358,1,0.0986668502099601,0.0986668502099601,0.365530021053301,0.014621200842132,0.694466249597358,-0.583512211257974,-0.794123851465355,2
7,2,200,1,1.27783865525413,0.00638919327627064,2.07274309229681,2.07274309229681,0,2.07274309229681,2,0.724917067528229,0.362458533764115,1.27783865525413,0.00638919327627064,2.07274309229681,0.589016889116017,0.503226604994901,2
7,2,50,-1,-1.24854357621049,-0.0249708715242099,2.17704278574094,0,2.17704278574094,-2.17704278574094,2,1.07220088831935,0.536100444159674,1.24854357621049,0.0249708715242099,2.17704278574094,-1.77849652741742,0.995292150816851,2
7,2,200,-1,-0.748811879709153,-0.00374405939854577,1.24118711604622,0,1.24118711604622,-1.24118711604622,4,1.42333071609761,0.355832679024403,0.748811879709153,0.00374405939854577,1.24118711604622,0.502410742066859,-0.810653775305795,2
7,2,50,-1,-0.647567952057939,-0.0129513590411588,1.12771129328364,0,1.12771129328364,-1.12771129328364,1,0.947975048499066,0.947975048499066,0.647567952057939,0.0129513590411588,1.12771129328364,0.430021961546507,-0.43989684641184,2
7,2,200,1,1.3683146406098,0.00684157320304898,2.18179245387244,2.18179245387244,0,2.18179245387244,3,0.593168955397986,0.197722985132662,1.3683146406098,0.00684157320304898,2.18179245387244,0.947729652520881,0.727930963152815,2
7,2,200,1,0.85297049247034,0.0042648524623517,1.30755654830091,1.30755654830091,0,1.30755654830091,2,0.854077481202168,0.427038740601084,0.85297049247034,0.0042648524623517,1.30755654830091,-1.09547023921757,-0.551967515795993,2
7,2,100,1,1.21339561039369,0.0121339561039369,2.22499135100794,2.22499135100794,0,2.22499135100794,2,0.849134159161633,0.424567079580817,1.21339561039369,0.0121339561039369,2.22499135100794,0.988273795454587,0.546571745418457,2
7,2,400,-1,-0.598423110443958,-0.0014960577761099,1.09360671678398,0,1.09360671678398,-1.09360671678398,2,0.724878430999965,0.362439215499983,0.598423110443958,0.0014960577761099,1.09360671678398,1.04023481559736,-0.0282734234503783,2
7,2,50,-1,-0.654312734793026,-0.0130862546958605,1.1341098352683,0,1.1341098352683,-1.1341098352683,1,0.750259049022942,0.750259049022942,0.654312734793026,0.0130862546958605,1.1341098352683,0.405235636151879,-0.423789640759789,2
7,2,100,1,0.586694364284501,0.00586694364284501,1.03534775845495,1.03534775845495,0,1.03534775845495,0,0,NaN,0.586694364284501,0.00586694364284501,1.03534775845495,-0.719135726800303,-0.945150604735125,2
7,2,400,1,0.274177543886375,0.000685443859715937,0.743355904350951,0.615670388130448,0.127685516220504,0,2,0.777100956101631,0.388550478050816,0.274177543886375,0.000685443859715937,0,-0.7037638509916,-1.29190397389236,2
7,2,50,1,0.746369540414796,0.0149273908082959,1.46837967759141,1.46837967759141,0,1.46837967759141,1,0.137892828409528,0.137892828409528,0.746369540414796,0.0149273908082959,1.46837967759141,-0.274415697363574,-0.203948919707769,2
7,2,200,1,0.858312124863222,0.00429156062431611,1.32685774142306,1.32685774142306,0,1.32685774142306,3,0.768249025308729,0.256083008436243,0.858312124863222,0.00429156062431611,1.32685774142306,-1.07429211433492,-0.538701143800822,2
7,2,400,1,0.267206224680419,0.000668015561701048,0.534019228768402,0.534019228768402,0,0.534019228768402,2,0.81922550458886,0.40961275229443,0.267206224680419,0.000668015561701048,0.534019228768402,-0.723762761093264,-1.31907218476121,2
7,2,100,-1,-1.56378057565478,-0.0156378057565478,1.8827492513871,0,1.8827492513871,-1.8827492513871,7,2.11052414720774,0.301503449601106,1.56378057565478,0.0156378057565478,1.8827492513871,-0.872780418780705,1.3805849009415,2
7,2,50,1,1.70513911090262,0.0341027822180524,2.35300619093731,2.35300619093731,0,2.35300619093731,6,1.80095175247464,0.300158625412441,1.70513911090262,0.0341027822180524,2.35300619093731,1.44982523949563,2.08568727041583,2
7,2,400,-1,-0.810299797557721,-0.0020257494938943,1.24307400995836,0,1.24307400995836,-1.24307400995836,5,2.13807865300206,0.427615730600411,0.810299797557721,0.0020257494938943,1.24307400995836,-1.31866804835537,0.797439808671299,2
7,2,200,-1,-0.667104956960197,-0.00333552478480099,1.06897827934128,0,1.06897827934128,-1.06897827934128,3,0.939068549126849,0.31302284970895,0.667104956960197,0.00333552478480099,1.06897827934128,0.653138563610933,-1.01357946394227,2
7,2,400,-1,-0.687393250957444,-0.00171848312739361,1.32465689912535,0,1.32465689912535,-1.32465689912535,1,0.681395531547438,0.681395531547438,0.687393250957444,0.00171848312739361,1.32465689912535,0.0496967714053908,0.318455720215465,2
7,2,25,1,1.23985889032597,0.049594355613039,2.25231483058789,2.18885715500103,0.0634576755868583,0,4,0.747295314525176,0.186823828631294,1.23985889032597,0.049594355613039,0,1.34051082851823,1.61008613011949,2
7,2,100,-1,-0.801245486434166,-0.00801245486434166,1.47036516163552,0,1.47036516163552,-1.47036516163552,3,1.31727350811082,0.439091169370273,0.801245486434166,0.00801245486434166,1.47036516163552,0.736277589977128,-0.434459575878573,2
7,2,200,1,1.28893624168259,0.00644468120841297,1.81463268448582,1.81463268448582,0,1.81463268448582,4,1.4517736262844,0.362943406571101,1.28893624168259,0.00644468120841297,1.81463268448582,0.633015811915589,0.530788349978473,2
7,2,100,1,0.458987228806543,0.00458987228806543,0.891129279344605,0.891129279344605,0,0.891129279344605,2,0.688822858177672,0.344411429088836,0.458987228806543,0.00458987228806543,0.891129279344605,-1.06706606925405,-1.24912891888287,2
7,2,25,-1,-0.361355208949122,-0.0144542083579649,0.680800004146679,0,0.680800004146679,-0.680800004146679,1,0.605042727485362,0.605042727485362,0.361355208949122,0.0144542083579649,0.680800004146679,1.05729050864598,-0.805603656473347,2
7,2,400,1,0.277325542077851,0.000693313855194627,0.929714231907021,0.67498172823917,0.254732503667852,0,4,1.52469495082979,0.381173737707447,0.277325542077851,0.000693313855194627,0,-0.69473305911827,-1.27963578244191,2
7,2,100,1,1.26293883104821,0.0126293883104821,2.31642027778322,2.31642027778322,0,2.31642027778322,2,0.987589431702579,0.49379471585129,1.26293883104821,0.0126293883104821,2.31642027778322,1.12325129427698,0.664498317302205,2
