-1.3932,-1.3528,-0.81248,-0.68919,-0.30108,0.03827,0.23742,0.25348,0.77383,0.37798,0.075114,-0.15793,-0.096149,0.087187,0.47679,0.72986,0.81429,0.72813,0.54932,0.36406,0.21294,0.021938,-0.41678,-0.59779,-0.77338,-0.91965,-0.72878,-0.75839,-0.69723,-0.8226,-0.79371,-1.0509,-1.2644,-0.94286,-0.99403,-0.74504,-0.64382,-0.85833,-0.79754,-0.55503,-0.77851,-0.74052,-0.73579,-0.82021,-0.94095,-1.4744,-0.85711,-0.91004,-1.0615,-0.93156,-0.83734,-0.78454,-0.70003,-0.42186,-0.66047,-0.72911,-0.70031,-0.72064,-0.83805,-1.1396,-1.291,-1.3952,-1.4835,-1.3141,-1.297,-1.4988,-1.4952,-1.6017,-1.6224,-1.5112,-1.3359,-1.0919,-1.0963,-1.2053,-1.3551,-1.4792,-1.5356,-1.5965,-1.591,-1.6627,-1.6649,-1.4965,-1.7173,-1.556,-1.9183,-2.0748,-2.2196,-2.2164,-2.2999,-2.3548,-2.3203,-2.3143,-1.8426,-1.5234,-1.2076,-0.95984,-0.85808,-1.2771,-1.5214,-2.0069,-2.356,-2.6326,-2.7639,-2.9268,-2.9315,-3.4467,-3.3704,-3.3146,-3.1573,-2.9144,-2.7896,-2.825,-2.979,-3.1061,-3.2807,-3.2957,-3.3184,-3.0696,-3.2084,-3.0619,-3.1038,-2.9554,-2.8561,-2.6967,-2.5587,-2.3964,-1.7216,-1.8166,-2.075,-2.2159,-2.2445,-2.3828,-2.5171,-2.5991,-2.6103,-2.5455,-2.4351,-2.5553,-2.5585,-2.5045,-2.523,-2.5628,-2.5113,-2.5774,-2.5116,-2.4466,-2.5875,-2.5423,-2.5035,-2.461,-2.4129,-2.3604,-2.3043,-2.3491,-2.2729,-2.1059,-2.0495,-2.0017,-1.959,-1.9211,-1.8933,-1.9012,-1.9756,-1.9951,-2.0259,-2.0575,-2.0785,-2.0033,-1.9621,-1.9205,-1.7103,-1.6679,-1.6381,-1.6138,-1.4209,-1.3899,-1.345,-1.2906,-1.2376,-1.2073,-1.3196,-1.3354,-1.3809,-1.4533,-1.4893,-1.5506,-1.567,-1.5246,-1.4222,-1.2847,-1.08,-0.86451,-0.83324,-0.73133,-0.7118,-0.74997,-0.92292,-0.95003,-0.92415,-0.85469,-0.75765,-0.44797,-0.29214,-0.13144,0.12557,0.41919,0.715,0.98368,1.2201,1.4446,1.6829,1.94,2.1887,2.3835,2.4866,2.4868,2.4008,2.2597,2.0986,1.953,1.8571,1.8347,1.8867,1.9861,2.0886,2.0724,2.082,2.0419,1.9781,1.9327,1.9169,1.9595,1.986,2.0402,2.1252,2.2397,2.3707,2.492,2.5721,2.5882,2.4947,2.3572,2.1869,2.022,1.8968,1.8456,1.7809,1.7772,1.7672,1.7217,1.6388,1.4302,1.3592,1.3668,1.4428,1.5417,1.6097,1.5743,1.4799,1.4187,1.3739,1.4039,1.3703,1.3286,1.0177,1.1575,1.1416,1.0713,1.0855,1.1395,1.1528,1.1955,1.2347,1.3439,1.3402,1.3425,1.361,1.5104,1.577,1.584,1.5823,1.5624,1.4044,1.3097,1.196,0.99487,0.87916,0.79652,0.77295,0.7808,0.84864,0.90742,1.0229,1.0021,1.1386,1.1004,1.048,0.83253,0.9001,0.95468,0.93064,0.91687,0.74877,0.77634,0.77371,0.83401,0.94571,1.0767,1.1911,1.2627,1.4131,1.3131,1.0541,0.8038,0.45655,-0.036355,-0.52252,-1.2946,-2.3824,-9.7814
-0.059793,-0.31879,-0.42114,-0.67879,-0.93741,-1.0396,-1.1422,-1.1236,-0.92985,-0.55631,-0.085113,0.40545,0.79804,1.0005,0.98771,0.81652,0.58722,0.41005,0.55367,0.53033,0.4586,0.33099,0.2718,0.056768,-0.0049339,-0.02059,-0.061759,-0.36201,-0.32019,-0.24503,-0.022859,-0.019122,-0.034615,-0.098328,-0.20917,-0.35563,-0.53886,-0.69898,-0.82249,-0.93963,-0.75697,-0.67827,-0.47197,-0.48824,-0.5463,-0.55949,-0.50374,-0.37997,-0.069628,0.030108,0.19275,0.29988,0.21509,0.0011335,-0.24995,-0.54558,-0.77759,-0.91582,-0.89658,-0.75048,-0.55132,-0.39534,-0.30625,-0.27022,-0.37805,-0.49889,-0.57481,-0.58117,-0.49867,-0.40735,-0.31934,-0.25987,-0.24042,-0.26106,-0.31465,-0.39286,-0.41013,-0.52774,-0.59564,-0.67598,-0.70965,-0.73658,-0.7347,-0.77347,-0.78823,-0.81044,-0.83274,-0.84869,-0.82188,-0.82334,-0.82416,-0.8321,-0.86252,-0.932,-1.0426,-1.1741,-1.2938,-1.3798,-1.4122,-1.4007,-1.3581,-1.3738,-1.3237,-1.4777,-1.4679,-1.4723,-1.4857,-1.4888,-1.461,-1.4049,-1.3057,-1.2891,-1.1607,-1.0011,-0.93887,-0.90486,-0.8916,-0.86088,-0.94221,-1.0474,-1.1514,-1.2619,-1.2814,-1.2413,-1.2424,-1.2272,-1.2043,-1.1654,-1.1047,-1.0272,-0.9495,-0.89256,-0.87139,-0.92873,-0.97376,-1.0222,-1.0506,-1.0498,-1.03,-1.0096,-1.0024,-1.0162,-1.2522,-1.2686,-1.2727,-1.2611,-1.228,-1.1039,-1.0234,-0.93834,-0.86853,-0.83551,-0.85443,-0.92506,-1.0279,-1.1305,-1.203,-1.2188,-1.2177,-1.1978,-1.1715,-1.1383,-1.114,-1.0356,-0.92445,-0.7964,-0.67806,-0.5943,-0.55661,-0.55777,-0.57121,-0.57862,-0.56762,-0.54784,-0.54292,-0.57439,-0.64551,-0.7377,-0.76545,-0.82873,-0.86227,-0.87499,-0.88108,-0.88637,-0.88009,-0.8395,-0.74671,-0.67803,-0.50174,-0.31957,-0.16449,-0.06056,-0.01979,-0.04007,-0.10577,-0.19266,-0.27533,-0.33396,-0.3576,-0.34265,-0.28895,-0.19927,-0.083834,0.037663,0.14536,0.33084,0.40124,0.4951,0.63004,0.79911,0.97841,1.1453,1.2891,1.4084,1.5032,1.5726,1.6157,1.6344,1.6338,1.6206,1.6002,1.5743,1.5431,1.489,1.4624,1.4549,1.4667,1.487,1.4945,1.467,1.3967,1.2986,1.2055,1.1507,1.1501,1.1966,1.2692,1.346,1.4123,1.459,1.479,1.4669,1.4235,1.357,1.2818,1.2058,1.1423,1.109,1.1205,1.1738,1.2417,1.2826,1.265,1.1889,1.0857,0.99896,0.96133,0.98332,1.0552,1.155,1.2577,1.3423,1.3938,1.4027,1.3651,1.4036,1.2997,1.1748,1.0482,0.93195,0.83047,0.7494,0.70433,0.71706,0.79983,0.91748,1.086,1.2397,1.3409,1.3778,1.3667,1.3371,1.2979,1.3008,1.3246,1.3629,1.4116,1.4037,1.3498,1.3753,1.3536,1.2619,1.1103,0.94337,0.8184,0.77453,0.81221,0.89686,0.98166,1.032,1.0061,0.97943,0.94207,0.92327,0.88831,0.86196,0.84882,0.82202,0.92454,0.90434,0.92112,0.91745,0.80664,0.87116,0.83723,0.78005,0.70489,0.81002,0.79381,1.5184
-0.14134,-0.1078,-0.14017,-0.21842,-0.33348,-0.47242,-0.59816,-0.65002,-0.56777,-0.44056,-0.065102,0.38022,0.77757,0.99685,0.95564,0.65877,0.19081,-0.32652,-0.78217,-1.1075,-1.2856,-0.96069,-1.0196,-1.0971,-1.1927,-1.2795,-1.3229,-1.3066,-0.44986,-0.43717,-0.56021,-0.75372,-0.77553,-0.74358,-0.63465,-0.34109,-0.23115,-0.19869,-0.23537,-0.29425,-0.31745,-0.27143,-0.17011,-0.072019,-0.048047,-0.1883,-0.36627,-0.6037,-0.84126,-1.742,-1.7061,-1.5139,-0.81968,-0.48115,-0.29406,-0.12827,-0.04172,-0.049782,-0.15602,-0.33783,-0.54963,-0.54515,-0.69872,-0.69353,-0.87357,-1.0967,-1.1814,-1.4769,-1.7526,-1.9531,-2.0414,-2.2008,-2.0448,-1.8293,-1.5701,-1.3278,-1.1313,-0.98591,-0.8842,-0.82417,-0.81843,-0.88425,-1.0225,-1.2051,-1.3861,-1.528,-1.6189,-1.6662,-1.9779,-1.939,-2.2167,-2.0273,-1.8025,-1.5841,-1.4208,-1.3494,-1.3758,-1.4659,-1.4022,-1.4559,-1.4651,-1.4547,-1.4655,-1.5232,-1.6244,-1.7453,-1.8621,-2.1963,-2.2288,-2.2236,-2.2027,-2.1887,-2.1914,-2.1998,-2.1905,-2.1488,-2.0851,-2.0322,-2.0247,-1.9387,-2.06,-2.2095,-2.3382,-2.4146,-2.437,-2.4268,-2.4461,-2.4066,-2.3633,-2.3144,-2.2517,-2.17,-2.0763,-1.988,-1.9216,-1.884,-1.8751,-1.8949,-1.9461,-2.0289,-1.9524,-2.0485,-2.1659,-1.9537,-1.8342,-1.6665,-1.5074,-1.4268,-1.4726,-1.636,-1.8441,-1.9911,-1.9874,-1.8052,-1.4962,-1.1723,-0.95154,-0.89998,-1.0061,-1.2004,-1.4,-1.6733,-1.7047,-1.6381,-1.4811,-1.3855,-1.1254,-0.88629,-0.71273,-0.6219,-0.60713,-0.65366,-0.75247,-0.90198,-1.0999,-1.3341,-1.5769,-1.784,-1.9047,-1.9058,-1.793,-1.6115,-1.4225,-1.2748,-1.1878,-1.1511,-1.1384,-1.1243,-1.0954,-1.0537,-1.0134,-0.99254,-0.99968,-1.0256,-0.86395,-0.85635,-0.83493,-0.79391,-0.79019,-0.72094,-0.65677,-0.50597,-0.32625,-0.28074,-0.22695,-0.14183,-0.017424,0.14384,0.34124,0.58098,0.86863,1.4211,1.7257,1.9798,2.1277,2.1777,2.153,2.0751,1.9572,1.8086,1.6448,1.4915,1.3807,1.4403,1.4829,1.6001,1.7672,2.2852,1.6662,1.286,1.3756,0.22813,0.49982,0.75062,1.092,1.3576,1.5236,1.6006,1.6236,1.6339,1.6636,1.7287,1.8264,1.94,2.0452,2.1171,2.1374,2.1044,2.0375,1.9676,1.9178,1.8926,1.7396,1.7885,1.8443,1.7615,1.7236,1.6531,1.5698,1.4758,1.3599,1.211,0.75825,0.57579,0.47544,0.49983,0.8308,1.1007,1.4509,1.6888,2.0379,2.2509,2.2929,2.1791,1.9672,1.7266,1.5062,1.3241,1.1832,1.0937,1.0809,1.101,1.2943,1.5545,1.816,1.4582,1.6646,1.6202,1.7318,1.5885,1.4778,1.4077,1.3419,1.2402,1.0959,0.94649,0.85482,1.0685,1.1613,1.2945,1.4156,1.4933,1.5309,1.5536,1.5868,1.6392,1.7573,1.7515,1.6912,1.5817,1.4441,1.3049,1.1876,1.1137,1.1047,1.1709,1.2932,1.4165,1.5914,2.125
0.33804,0.40058,0.18152,0.1935,0.25358,0.0024721,-0.091986,-0.19998,-0.2807,-0.12158,-0.032101,0.012542,0.10825,0.20931,0.23365,0.27649,0.20589,0.1918,0.12827,0.12197,-0.012387,-0.083574,-0.21858,-0.30729,-0.32371,-0.25634,-0.12948,0.059772,0.17114,0.22337,0.22892,0.1444,0.016958,-0.11163,-0.2493,-0.345,-0.4152,-0.44776,-0.45377,-0.48225,-0.44942,-0.39445,-0.29402,-0.19355,-0.10067,-0.013844,0.026977,0.017729,-0.056094,-0.1396,-0.25683,-0.29949,-0.36886,-0.42316,-0.43732,-0.48192,-0.50294,-0.55465,-0.55713,-0.54667,-0.49511,-0.42257,-0.35786,-0.32236,-0.31995,-0.33854,-0.3532,-0.34208,-0.2921,-0.25745,-0.22282,-0.20418,-0.2161,-0.26265,-0.33344,-0.40819,-0.4662,-0.49555,-0.49865,-0.49078,-0.4914,-0.5133,-0.55772,-0.61691,-0.6789,-0.73024,-0.75761,-0.75054,-0.70573,-0.63106,-0.54608,-0.47722,-0.44912,-0.47525,-0.55075,-0.65088,-0.73923,-0.78442,-0.77561,-0.72547,-0.65962,-0.60156,-0.56281,-0.53361,-0.53793,-0.55262,-0.59512,-0.66382,-0.74955,-0.83561,-0.90158,-0.93127,-0.92093,-0.88078,-0.82719,-0.77278,-0.7236,-0.68398,-0.66209,-0.84231,-0.86013,-0.87854,-0.90107,-0.92808,-0.95221,-0.96084,-0.944,-0.96908,-0.87362,-0.74989,-0.60114,-0.48117,-0.42748,-0.45474,-0.56361,-0.71339,-0.86257,-0.97717,-1.0377,-1.0376,-0.97814,-0.86794,-0.72672,-0.58712,-0.48694,-0.57749,-0.62042,-0.68196,-0.70233,-0.69914,-0.66605,-0.55654,-0.52032,-0.48484,-0.46967,-0.46803,-0.47156,-0.47094,-0.46254,-0.45044,-0.4435,-0.45,-0.44719,-0.49299,-0.49573,-0.55407,-0.60446,-0.67077,-0.6734,-0.64761,-0.59864,-0.53551,-0.4689,-0.4085,-0.36049,-0.327,-0.30688,-0.29698,-0.29451,-0.30008,-0.31756,-0.3482,-0.38338,-0.40488,-0.396,-0.3562,-0.30579,-0.27435,-0.28017,-0.3166,-0.35546,-0.36482,-0.32823,-0.25342,-0.16684,-0.09971,-0.073622,-0.092481,-0.14427,-0.21019,-0.2738,-0.32433,-0.35474,-0.35809,-0.32601,-0.25207,-0.13927,-0.0049019,0.12541,0.23319,0.31954,0.40273,0.50254,0.62425,0.75402,0.86659,0.93779,0.95349,0.91348,0.83231,0.7362,0.65408,0.60551,0.59423,0.61174,0.64607,0.68745,0.72793,0.75753,0.76246,0.73081,0.6644,0.6652,0.59982,0.57831,0.6102,0.68292,0.77334,0.86237,0.94214,1.0119,1.068,1.0987,1.0554,0.99933,0.90863,0.80958,0.73305,0.70008,0.71395,0.7625,0.82793,0.89741,0.96755,1.0397,1.1117,1.1743,1.1643,1.1858,1.1664,1.1034,1.0044,0.88718,0.77774,0.70308,0.68041,0.71005,0.77621,0.85387,0.9306,0.94684,0.91249,0.83227,0.72663,0.62473,0.55212,0.51954,0.51931,0.53179,0.53896,0.53636,0.53476,0.54987,0.58906,0.64607,0.70697,0.76007,0.8005,0.8273,0.83851,0.83052,0.80156,0.75451,0.69667,0.63734,0.58443,0.54178,0.50921,0.48526,0.4699,0.46528,0.47438,0.49738,0.52785,0.55255,0.55799,0.53974,0.50595,0.47062,0.44334,0.42543,0.36456,0.36696,0.47499,0.55854,0.63853,0.73007,0.94829,1.0232,0.15823
0.28564,0.174,0.019566,-0.024005,-0.026079,-0.013439,0.077534,0.13958,0.29564,0.70821,0.84808,0.74849,0.66028,0.54335,0.39151,0.29372,0.26051,0.23967,0.26912,0.17746,0.13488,0.091331,-0.0064656,-0.088447,-0.10492,-0.092163,-0.063139,0.040411,0.13439,0.20936,0.20112,0.18416,0.057861,-0.129,-0.31724,-0.40389,-0.47297,-0.40839,-0.27742,-0.17113,-0.050802,0.028374,-0.026734,-0.073398,-0.17958,-0.26189,-0.30661,-0.29576,-0.23814,-0.14509,-0.097032,-0.10223,-0.1665,-0.28149,-0.38143,-0.43478,-0.35968,-0.28016,-0.15694,-0.022307,0.085494,-0.022711,-0.01823,-0.066538,-0.13378,-0.19905,-0.24736,-0.26571,-0.26459,-0.25789,-0.2593,-0.27502,-0.30038,-0.32293,-0.33067,-0.3193,-0.29394,-0.26536,-0.24425,-0.23627,-0.23902,-0.24241,-0.21536,-0.18344,0.0052924,0.058299,0.078135,0.14659,0.16904,0.15526,0.10075,0.0091289,-0.10746,-0.22992,-0.33751,-0.41487,-0.45622,-0.46454,-0.44767,-0.41413,-0.37073,-0.32317,-0.37089,-0.32252,-0.28888,-0.27244,-0.27052,-0.30038,-0.31553,-0.34142,-0.37435,-0.40808,-0.43143,-0.43472,-0.41629,-0.38511,-0.35643,-0.34264,-0.34568,-0.3561,-0.35882,-0.34195,-0.30355,-0.25314,-0.20782,-0.1843,-0.19076,-0.22314,-0.26868,-0.31335,-0.36936,-0.38698,-0.39825,-0.41062,-0.42783,-0.44801,-0.46261,-0.46082,-0.41957,-0.34011,-0.22919,-0.10367,0.013514,0.098173,0.13136,0.10696,0.035866,-0.057319,-0.14372,-0.20044,-0.21651,-0.1942,-0.14789,-0.1005,-0.075657,-0.12419,-0.16325,-0.2235,-0.28839,-0.3423,-0.37597,-0.38695,-0.3764,-0.34657,-0.30223,-0.25383,-0.21623,-0.20179,-0.21338,-0.24315,-0.27756,-0.30471,-0.31917,-0.32158,-0.31447,-0.29883,-0.2741,-0.24033,-0.19984,-0.15756,-0.1202,-0.094563,-0.085422,-0.093789,-0.11652,-0.14711,-0.17727,-0.19899,-0.20695,-0.20064,-0.18551,-0.17126,-0.16584,-0.1689,-0.17181,-0.16553,-0.14869,-0.12794,-0.11055,-0.095932,-0.073694,-0.030377,0.039929,0.12965,0.22104,0.29562,0.34301,0.36493,0.3738,0.38725,0.42041,0.47896,0.55663,0.6387,0.70961,0.75962,0.78734,0.79804,0.79961,0.7979,0.79381,0.78412,0.76568,0.73929,0.70885,0.6763,0.6384,0.59056,0.53443,0.4815,0.44883,0.44943,0.48348,0.53598,0.58195,0.59594,0.56102,0.47393,0.34524,0.19429,0.041087,-0.12357,-0.24588,-0.33612,-0.39203,-0.41645,-0.41637,-0.44057,-0.40868,-0.36382,-0.30894,-0.25011,-0.19436,-0.14528,-0.10072,-0.054913,-0.0033666,0.054446,0.11702,0.18495,0.26214,0.35267,0.45623,0.59193,0.69263,0.77632,0.83366,0.85851,0.8496,0.81228,0.75896,0.70584,0.66567,0.64091,0.62347,0.62469,0.59114,0.55337,0.52237,0.50675,0.508,0.52107,0.53805,0.55211,0.56046,0.56564,0.57354,0.58854,0.6095,0.62961,0.63981,0.63356,0.61064,0.57757,0.54408,0.51801,0.50229,0.49473,0.49028,0.48467,0.47733,0.47122,0.46944,0.47154,0.47322,0.46962,0.45909,0.44424,0.4,0.39224,0.39285,0.38506,0.4007,0.42272,0.45289,0.49501,0.53915,0.60436,0.51769,0.40296
-0.14588,-0.17442,-0.095648,-0.0038269,0.16887,0.36195,0.52674,0.61872,0.62645,0.50241,0.42458,0.38995,0.33856,0.39928,0.45614,0.46823,0.32226,0.20562,0.065255,-0.034473,-0.099158,-0.12983,-0.12334,-0.076808,-0.0039064,0.057484,0.24936,0.12139,-0.083066,-0.52485,-0.70069,-0.81828,-0.77884,-0.79784,-0.75954,-0.66135,-0.48068,-0.34131,-0.19967,0.096033,0.11026,0.11835,0.04859,0.028478,-0.0033471,0.022484,0.021091,0.019328,0.010245,-0.11412,-0.17033,-0.28669,-0.45108,-0.63313,-0.79477,-0.9029,-0.95581,-0.92416,-0.81535,-0.61115,-0.45772,-0.34799,-0.21414,-0.12622,-0.086309,-0.11535,-0.19891,-0.32485,-0.43902,-0.51925,-0.53007,-0.50127,-0.46174,-0.4279,-0.396,-0.35271,-0.29476,-0.24079,-0.22394,-0.26853,-0.36956,-0.49229,-0.44007,-0.49446,-0.49099,-0.43491,-0.34606,-0.24898,-0.19528,-0.11974,-0.053153,-0.00038291,0.020424,-0.01507,-0.12267,-0.29819,-0.51717,-0.74567,-0.95318,-1.1183,-1.2257,-1.2626,-1.1027,-1.023,-0.86822,-0.71845,-0.56479,-0.52112,-0.54486,-0.61144,-0.68952,-0.75485,-0.79311,-0.79533,-0.75869,-0.69377,-0.62495,-0.57647,-0.5549,-0.51061,-0.4917,-0.44798,-0.36461,-0.26763,-0.16532,-0.0027721,0.13938,0.15957,0.10622,-0.027799,-0.22628,-0.44997,-0.65378,-0.80882,-0.91193,-0.97779,-1.0233,-1.0554,-0.98935,-1.0455,-0.95222,-0.80151,-0.61641,-0.43796,-0.30965,-0.33072,-0.34963,-0.42495,-0.62852,-0.84894,-0.88238,-0.87136,-0.83212,-0.78432,-0.8095,-0.75425,-0.68168,-0.58949,-0.48448,-0.38008,-0.22515,-0.16216,-0.15516,-0.21516,-0.34252,-0.5247,-0.73355,-0.92619,-1.0556,-1.0892,-1.0247,-0.86218,-0.5458,-0.45289,-0.4225,-0.44909,-0.50767,-0.56354,-0.58509,-0.55591,-0.5045,-0.40363,-0.30736,-0.24064,-0.21391,-0.2231,-0.25587,-0.29925,-0.34538,-0.39298,-0.4434,-0.49391,-0.45791,-0.47314,-0.46632,-0.44702,-0.42722,-0.41141,-0.39185,-0.31235,-0.25163,-0.16902,-0.090078,-0.045625,-0.14591,-0.17057,-0.1745,-0.12973,-0.027624,0.11885,0.28364,0.44156,0.57883,0.69243,0.77964,0.82908,0.82453,0.76043,0.65456,0.5443,0.46725,0.44156,0.461,0.50575,0.60317,0.63516,0.64633,0.63613,0.60869,0.57458,0.54818,0.54125,0.55782,0.59393,0.64153,0.69251,0.73927,0.77191,0.77756,0.74685,0.68302,0.54911,0.47986,0.45989,0.48776,0.54075,0.58656,0.59958,0.57253,0.51951,0.47084,0.46151,0.51579,0.63413,0.78993,0.93982,1.043,1.0791,1.0539,1.0423,0.96504,0.89635,0.83858,0.78756,0.74211,0.7082,0.69528,0.70805,0.74163,0.78412,0.82352,0.854,0.8613,0.99958,1.0412,1.0931,1.1433,1.1714,1.1555,1.0804,0.94523,0.76667,0.57711,0.41546,0.31258,0.27812,0.29774,0.34355,0.3904,0.42725,0.4579,0.49371,0.544,0.60888,0.67774,0.73423,0.76459,0.80925,0.77647,0.71889,0.64635,0.57229,0.51302,0.59722,0.59806,0.61382,0.63359,0.64866,0.65723,0.66455,0.67712,0.66395,0.66768,0.55577,0.57592,0.50499,0.58921,0.72257,0.68692,NaN
0.54679,1.2249,1.5743,1.5143,1.0911,0.43275,-0.30519,-0.98382,-1.5144,-1.3457,-0.99458,-0.47391,-0.021987,0.35603,1.0484,1.1119,1.0598,0.93891,0.79557,0.65688,0.52171,0.37195,0.15328,0.02662,-0.070829,0.27703,0.31901,0.32761,0.22059,0.051355,-0.10248,-0.19065,-0.15624,-0.20595,-0.32111,-0.53216,-0.77588,-0.94929,-1.0009,-0.71623,-0.57627,-0.50766,-0.50782,-0.66434,-0.89203,-1.0958,-1.2527,-1.4733,-1.6426,-1.7617,-1.8486,-1.915,-1.7572,-1.6889,-1.5103,-1.2394,-0.97133,-0.77101,-0.94323,-0.83371,-0.80958,-0.84199,-0.90947,-1.0607,-1.2141,-1.284,-1.1355,-1.0995,-0.78513,-0.46645,-0.2444,-0.17296,-0.25056,-0.43605,-0.66468,-0.84047,-0.96703,-1.0063,-0.95955,-0.95311,-1.634,-1.6657,-1.7048,-1.697,-1.7875,-1.732,-1.6999,-1.7121,-1.7727,-1.7809,-1.9874,-2.0335,-2.0316,-1.9751,-1.8733,-1.8008,-1.3756,-1.3823,-1.4198,-1.4735,-1.6603,-1.8472,-1.9995,-2.0943,-2.1237,-2.1513,-2.0568,-1.9206,-1.7286,-1.6816,-1.7075,-1.7614,-1.7808,-1.7317,-1.658,-1.6927,-1.6928,-1.8169,-2.0574,-2.1567,-2.3218,-2.5226,-2.8188,-2.6868,-2.4304,-2.133,-1.8779,-1.7219,-1.6469,-1.6303,-1.6355,-1.6014,-1.4843,-1.4185,-1.1603,-1.3027,-1.093,-0.82107,-0.51056,-0.22265,-0.033591,-0.00086459,-0.33847,-0.93602,-1.153,-1.3243,-1.3859,-1.2949,-1.0525,-0.70851,-0.20169,-0.078552,-0.027703,-0.13185,-0.33121,-0.47832,-0.62424,-0.64128,-0.52465,-0.23557,0.0015614,-0.083973,-0.30106,-0.33643,-0.46576,-0.67961,-0.92403,-1.1178,-1.1862,-1.0928,-0.85577,-0.53664,-0.20816,0.076454,0.29591,0.43544,0.64996,0.31074,-0.21024,-0.55571,-0.88076,-1.1286,-1.2583,-1.2535,-1.1272,-0.88678,-0.63456,-0.39545,-0.17385,0.038008,0.24733,0.45204,0.63596,0.76705,0.8043,0.71705,0.50767,0.42936,0.056677,-0.25575,-0.45456,-0.23008,-0.14611,-0.021231,0.26166,0.49253,1.0475,1.2581,1.3734,1.392,1.3402,1.2571,1.1683,1.0717,0.94843,0.79382,0.64331,0.57207,0.66123,0.94705,1.388,1.8452,2.2207,2.5506,2.7182,2.7176,2.3459,2.1737,1.952,1.6902,1.4154,1.185,1.0693,1.1309,1.3115,1.5404,1.6842,1.8299,1.8857,1.8573,1.7704,1.6674,1.5992,1.6057,1.56,1.3649,1.5327,1.6779,1.7828,1.8621,1.9314,1.9794,1.9722,1.8844,1.7225,1.5222,1.3281,1.1794,1.1102,1.1527,1.4339,1.5179,1.7783,1.9642,2.1435,1.932,1.5511,1.1306,0.79313,0.59788,0.53241,0.5484,0.60143,0.66762,0.7434,0.84152,0.98054,1.1654,1.3721,1.5508,1.6483,1.637,1.5285,1.3604,1.0222,0.83357,0.63439,0.30067,0.19788,0.23685,0.43537,0.74202,1.069,1.2473,1.2009,0.92998,0.52896,0.30784,0.031545,-0.026186,0.10486,0.32702,0.53537,0.7363,0.34736,0.51148,0.77773,1.2323,1.5067,1.6882,1.4834,1.1136,0.88987,0.94528,0.69287,0.47576,-0.085604,-0.050083,0.18161,NaN
-0.066497,-1.0554,-1.1224,-1.5755,-1.0102,-0.81609,-0.28341,-0.53103,-0.5343,-0.50243,-0.42447,-0.28091,-0.28242,-0.36067,-0.51187,-0.67137,-0.73714,-0.62361,-0.72142,-0.45452,0.08877,0.5857,0.9241,1.0718,1.0656,0.96456,0.80116,0.48843,0.1849,-0.19012,-0.58868,-0.92807,-1.1322,-1.1764,-1.1052,-1.2859,-1.1993,-1.1983,-1.253,-1.2775,-0.92264,-0.75462,-0.54855,-0.38602,-0.31857,-0.34753,-0.43704,-0.71033,-0.80796,-0.72714,-0.70622,-0.68987,-0.69196,-0.79473,-0.83825,-0.84858,-0.8517,-0.92377,-0.97565,-1.3168,-1.6966,-1.5505,-1.6835,-1.5104,-1.1165,-1.1339,-1.0694,-1.0722,-1.0457,-1.103,-1.1924,-1.271,-1.2985,-1.2587,-1.1613,-1.0309,-0.89756,-0.79229,-0.74221,-0.76235,-0.84912,-0.97855,-1.3866,-1.375,-1.2676,-1.0842,-0.84847,-0.92925,-0.55548,-0.63521,-0.84512,-1.0789,-1.2627,-1.329,-1.274,-1.3248,-1.1617,-1.0394,-0.95651,-0.29216,-0.16042,-0.22726,-0.3749,-0.57434,-0.84949,-1.0991,-1.2565,-1.3515,-1.413,-1.3547,-1.4251,-1.5248,-1.6431,-1.6122,-1.6825,-1.6823,-1.6404,-1.5097,-1.3705,-1.2695,-1.2334,-1.2601,-0.86269,-1.2106,-1.1496,-1.1662,-1.1576,-0.95249,-0.85529,-0.73614,-0.62861,-0.56272,-0.54571,-0.56403,-0.69014,-0.71729,-0.75992,-0.82211,-0.9005,-0.61581,-0.74323,-0.84331,-1.02,-1.7363,-1.7621,-2.0519,-1.9514,-1.8993,-1.7369,-1.5873,-1.4585,-1.4504,-1.3855,-1.3316,-1.2781,-1.2131,-1.1281,-1.0195,-0.88708,-0.73769,-0.59393,-0.50149,-0.92017,-1.0061,-1.125,-1.2557,-1.2803,-1.3496,-1.1145,-1.1544,-1.1571,-1.1068,-1.0055,-0.86515,-0.70153,-0.53755,-0.40339,-0.32583,-0.31758,-0.37939,-0.50883,-0.8124,-0.98008,-1.264,-1.5711,-1.8522,-2.0523,-2.1262,-2.0568,-1.867,-1.6136,-1.3594,-1.1417,-0.96191,-0.80547,-0.67088,-0.5785,-0.55473,-0.61182,-0.74136,-0.91903,-1.1077,-1.2558,-1.3014,-1.1911,-0.90634,-0.47831,0.018301,0.49401,0.88211,1.1599,1.3348,1.4465,1.4921,1.4614,1.3489,1.1679,1.238,1.0237,0.88633,0.84621,0.88512,0.95691,1.008,1.0055,0.96173,0.93097,1.0661,1.2076,1.401,1.4664,1.6841,1.9329,2.1983,2.5661,2.3994,2.3735,2.1882,1.8788,1.556,1.1558,0.75327,0.40539,0.15401,0.018047,0.0052126,0.089383,0.26874,0.53257,0.85927,1.215,1.5593,1.8685,1.6285,2.1631,2.1094,2.0152,1.7916,1.5416,1.3961,1.9312,1.9406,1.9854,1.7347,1.7642,1.7795,1.7819,1.7517,1.6734,1.5462,1.4678,1.3879,1.3848,1.4458,1.5226,1.568,1.6877,1.6433,1.5783,1.444,1.41,1.5715,1.6225,1.5404,1.8193,1.8053,1.6979,1.5063,1.279,1.0785,0.9527,0.91681,0.95083,1.0145,1.0665,1.0749,1.304,1.088,0.89682,0.80975,0.77769,1.0561,1.4378,1.7963,1.7461,1.7801,1.6509,1.4369,1.2294,1.3661,1.2955,1.3714,1.4721,1.5855,1.3803,1.4535,1.528,1.3005,1.9894,3.1965
0.065553,0.13376,0.18861,0.2374,0.74973,0.91988,1.115,1.3542,1.619,0.89698,0.84486,0.70969,0.51293,0.30662,0.15169,0.092147,0.12991,0.21341,0.25534,0.1769,0.17401,-0.36579,-0.68098,-0.88253,-0.9068,-0.26118,-0.090241,-0.12139,-0.21084,-0.65761,-1.0829,-1.4228,-1.6732,-1.8522,-2.0692,-1.3716,-1.2712,-1.1887,-1.1383,-1.0102,-1.0836,-1.7712,-2.0498,-0.93566,-0.94812,-1.754,-2.0185,-1.7743,-1.9742,-1.9406,-2.1013,-2.237,-2.2086,-1.8039,-1.39,-1.1326,-0.9184,-0.90406,-0.95414,-1.1268,-1.2262,-1.2608,-1.2092,-1.1333,-0.97279,-0.83459,-0.77238,-0.87026,-0.83468,-0.92621,-0.81749,-1.0143,-1.2823,-1.595,-1.5644,-1.8476,-2.0748,-1.9484,-1.7412,-1.5497,-1.4565,-1.7718,-1.7834,-1.9761,-2.2934,-2.3613,-2.1578,-2.1986,-2.2107,-2.3519,-2.5027,-2.6862,-2.8674,-3.0009,-3.057,-3.037,-2.9683,-2.8852,-2.809,-2.7413,-2.6737,-2.6021,-2.4536,-2.4464,-2.5023,-2.3755,-2.6157,-2.8997,-3.153,-3.3145,-3.3583,-3.2955,-3.1617,-2.999,-2.8417,-2.8362,-2.7019,-2.6088,-2.5401,-2.5094,-2.5198,-2.5586,-2.6029,-2.6323,-2.6346,-2.6033,-2.5333,-2.2767,-2.1082,-1.9763,-1.8783,-1.8389,-1.8727,-1.9815,-2.1499,-2.3411,-2.5026,-2.5883,-2.5841,-2.5162,-2.4357,-2.3917,-2.4059,-2.5937,-2.6549,-2.6811,-2.6446,-2.6525,-2.5632,-2.4802,-2.4218,-2.3936,-2.2751,-2.2763,-2.274,-2.2664,-2.3179,-2.3444,-2.4196,-2.5339,-2.6833,-2.7206,-2.6922,-2.6006,-2.4615,-2.298,-2.1357,-1.9981,-1.9026,-1.8569,-1.8603,-1.9113,-2.0122,-2.1611,-2.3405,-2.5182,-2.6634,-2.8178,-2.842,-2.8238,-2.769,-2.678,-2.5532,-2.4079,-2.2659,-2.1522,-2.0798,-2.0424,-2.0212,-1.9977,-1.9624,-1.9144,-1.856,-1.7883,-1.715,-1.6511,-1.6228,-1.6519,-1.7314,-1.7482,-1.7811,-1.7406,-1.6276,-1.4684,-1.2926,-1.1124,-0.83049,-0.59995,-0.31303,0.035385,0.43067,0.84003,1.2241,1.5518,1.8092,1.9967,2.1205,2.1851,2.2051,2.3842,2.307,2.1671,2.0003,1.8517,1.7579,1.7326,1.7641,1.8937,1.972,2.0359,2.0845,2.1221,2.1362,2.1896,2.2832,2.4341,2.6007,2.624,2.6327,2.7412,2.653,2.9877,2.9806,3.0828,2.9334,2.1171,1.8878,1.6769,1.5239,1.4893,1.5843,1.7774,1.8563,2.3553,2.2528,2.5599,2.555,2.6209,2.4154,2.5702,2.6056,2.5458,2.7052,2.8648,2.9884,2.9365,2.9762,2.8976,2.7995,2.8425,2.576,2.5531,2.4542,2.229,2.0637,1.9218,1.8249,1.7658,1.8296,1.8963,1.9526,2.0095,2.0837,2.178,2.2764,2.3752,2.4288,2.4553,2.5749,2.5512,2.5941,2.3249,2.2306,2.1453,2.2714,2.2647,2.2418,2.1695,2.0225,1.8139,1.5998,1.4451,1.2962,1.4793,1.4797,1.4958,1.5072,1.5054,1.4949,1.4891,1.618,1.616,1.6002,1.7689,1.6632,1.2621,1.2102,0.96908,1.0889,0.34894
0.22085,0.19727,0.085119,0.059354,0.016111,-0.010541,-0.027307,0.013891,0.037127,0.064583,0.057621,-0.16848,-0.2431,-0.32878,-0.41931,-0.45372,-0.52941,-0.51491,-0.50645,-0.47266,-0.52658,-0.52207,-0.58912,-0.58272,-0.57458,-0.54687,-0.54998,-0.52743,-0.51925,-0.52598,-0.54647,-0.57754,-0.49731,-0.58623,-0.62074,-0.63912,-0.67751,-0.66882,-0.68361,-0.68325,-0.67434,-0.66545,-0.5498,-0.53264,-0.52041,-0.51799,-0.5305,-0.55928,-0.6012,-0.61497,-0.66019,-0.65972,-0.69887,-0.68331,-0.71316,-0.76424,-0.81982,-0.87408,-0.89799,-0.85227,-0.83009,-0.76009,-0.68442,-0.56258,-0.48617,-0.42628,-0.36663,-0.35225,-0.38929,-0.47067,-0.56046,-0.62931,-0.70384,-0.66997,-0.59782,-0.51518,-0.47426,-0.42415,-0.40347,-0.40947,-0.4321,-0.46049,-0.55071,-0.5699,-0.58896,-0.60901,-0.62745,-0.6391,-0.6377,-0.61767,-0.57663,-0.51322,-0.44682,-0.39011,-0.35918,-0.36197,-0.41482,-0.5066,-0.61492,-0.71062,-0.77062,-0.7877,-0.75058,-0.7055,-0.67177,-0.65457,-0.65678,-0.67587,-0.70555,-0.73476,-0.74845,-0.73448,-0.71008,-0.64861,-0.5965,-0.57063,-0.60495,-0.62082,-0.64128,-0.65392,-0.65228,-0.63779,-0.61725,-0.6452,-0.64588,-0.61557,-0.58468,-0.55383,-0.53979,-0.53465,-0.55846,-0.61048,-0.62801,-0.70354,-0.77105,-0.81738,-0.83655,-0.86913,-0.79314,-0.7652,-0.73794,-0.70923,-0.67871,-0.69235,-0.66689,-0.65619,-0.66173,-0.67346,-0.71821,-0.68502,-0.59714,-0.51239,-0.43111,-0.36785,-0.36772,-0.32756,-0.28215,-0.22973,-0.18169,-0.18447,-0.20072,-0.2634,-0.36501,-0.48874,-0.61558,-0.72839,-0.81311,-0.8593,-0.86174,-0.82239,-0.77154,-0.68024,-0.58826,-0.51213,-0.46433,-0.44925,-0.46088,-0.48572,-0.51055,-0.5299,-0.54769,-0.5718,-0.60543,-0.64144,-0.6646,-0.66049,-0.62395,-0.56027,-0.47956,-0.39095,-0.30118,-0.21635,-0.1429,-0.087042,-0.054038,-0.046835,-0.063186,-0.09391,-0.12609,-0.14937,-0.15863,-0.15024,-0.11758,-0.052278,0.049616,0.18249,0.33137,0.47756,0.60591,0.70875,0.78485,0.83618,0.86605,0.87872,0.87906,0.87124,0.8578,0.83966,0.81767,0.79494,0.77755,0.77138,0.77697,0.78816,0.79604,0.79418,0.78036,0.7549,0.71868,0.67285,0.62062,0.56938,0.53089,0.51787,0.53763,0.58696,0.65258,0.7182,0.77307,0.81524,0.8479,0.87358,0.89162,0.90043,0.90092,0.89639,0.88798,0.87187,0.84325,0.80425,0.76698,0.74763,0.75634,0.79071,0.83768,0.8815,0.91167,0.92539,0.92461,0.91168,0.8878,0.8553,0.81999,0.78974,0.77005,0.76089,0.75828,0.75865,0.76096,0.76467,0.7667,0.76106,0.74129,0.70313,0.64716,0.58128,0.52076,0.48264,0.47639,0.49804,0.53324,0.56663,0.59052,0.60724,0.62456,0.64767,0.67367,0.69248,0.69272,0.66759,0.61758,0.55067,0.48066,0.42227,0.38449,0.36765,0.36663,0.37605,0.39237,0.41283,0.43366,0.44967,0.45638,0.4535,0.44633,0.44362,0.45314,0.47806,0.51596,0.5605,0.60329,0.6094,0.62437,0.61863,0.60266,0.56511,0.48568,0.39739,0.34264,0.3745
-0.53961,-0.56677,-0.49121,-0.45179,-0.39858,-0.38842,-0.5267,-0.61206,-0.53651,-0.54301,-0.46566,-0.36625,-0.23458,-0.25112,-0.38642,-0.50622,-0.55059,-0.59368,-0.55868,-0.48996,-0.43471,-0.33121,-0.21423,-0.13174,-0.082716,-0.051049,-0.044623,-0.085822,-0.15482,-0.25147,-0.32685,-0.40771,-0.46598,-0.47807,-0.50566,-0.53015,-0.55371,-0.52729,-0.55466,-0.58031,-0.7001,-0.8365,-0.95546,-1.0105,-0.96359,-0.92687,-0.89739,-0.87135,-0.89378,-0.89881,-0.91489,-0.92641,-0.95704,-1.0301,-1.1628,-1.3186,-1.4164,-1.5394,-1.6441,-1.625,-1.5771,-1.4937,-1.4052,-1.308,-1.3482,-1.3659,-1.4134,-1.4215,-1.413,-1.4203,-1.4163,-1.4194,-1.4468,-1.5066,-1.6229,-1.7221,-1.839,-1.9079,-1.9596,-1.9999,-2.0349,-2.0652,-2.0847,-1.9541,-1.9532,-1.9296,-1.8816,-1.8191,-1.7634,-1.7406,-1.7699,-1.8508,-1.9608,-2.0662,-2.1385,-2.1668,-2.1566,-2.1199,-2.0549,-2.0022,-1.9643,-1.9656,-2.0248,-2.1358,-2.265,-2.3671,-2.4184,-2.4009,-2.3326,-2.2382,-2.1455,-2.0783,-2.0507,-2.065,-2.1139,-2.1843,-2.2603,-2.3248,-2.3616,-2.3598,-2.3167,-2.2373,-2.1329,-2.0217,-1.9279,-1.8733,-1.8657,-1.8964,-1.9474,-2.002,-2.0489,-2.0803,-2.0919,-2.0838,-2.0627,-2.0401,-2.0272,-2.0296,-2.0461,-2.0706,-2.0968,-2.1205,-2.1396,-2.1527,-2.1585,-2.155,-2.1393,-2.1105,-2.0713,-2.0277,-1.9844,-1.9412,-1.894,-1.8405,-1.7861,-1.7411,-1.7126,-1.6991,-1.6933,-1.6891,-1.686,-1.6877,-1.697,-1.7094,-1.7135,-1.6973,-1.6581,-1.6054,-1.5543,-1.5163,-1.4946,-1.4848,-1.4791,-1.4701,-1.4555,-1.4411,-1.4383,-1.456,-1.4934,-1.5392,-1.5768,-1.5924,-1.5811,-1.5474,-1.5019,-1.4551,-1.4142,-1.381,-1.3534,-1.3247,-1.2848,-1.2231,-1.134,-1.0218,-0.90094,-0.79024,-0.70357,-0.64231,-0.59462,-0.54202,-0.46886,-0.36722,-0.2339,-0.064908,0.14432,0.39248,0.66712,0.94677,1.2093,1.4406,1.6378,1.8057,1.9489,2.0665,2.1524,2.2013,2.2157,2.2076,2.1946,2.1917,2.2051,2.2303,2.2583,2.2818,2.3002,2.3178,2.339,2.3638,2.3887,2.4102,2.428,2.4438,2.4595,2.476,2.4945,2.5159,2.5393,2.5631,2.5864,2.6118,2.6442,2.6861,2.7318,2.7681,2.7803,2.7604,2.7109,2.6422,2.5669,2.4962,2.4388,2.4002,2.3663,2.366,2.3781,2.3952,2.4129,2.4319,2.4541,2.4783,2.4987,2.5098,2.5102,2.5017,2.4853,2.3959,2.3631,2.3296,2.2946,2.2605,2.2328,2.2094,2.206,2.2114,2.2169,2.1749,2.1607,2.1466,2.1418,2.186,2.1957,2.202,2.2002,2.1922,2.182,2.1774,2.1412,2.0895,2.0311,1.9832,1.9624,2.0335,2.0553,2.0717,2.0664,2.0297,1.971,1.9065,1.8489,1.8048,1.7781,1.7717,1.7854,1.8135,1.8477,1.881,1.9093,1.9296,1.938,1.9299,1.901,1.8665,1.7995,1.7334,1.6891,1.6817,1.7891,1.7633,1.7565,1.5744
0.64973,0.59071,0.092456,-0.038247,-0.15074,-0.22827,-0.26312,-0.25207,-0.19412,0.050277,0.15464,0.17793,0.2706,0.29047,0.29651,0.2987,0.32266,0.31387,0.28846,0.1135,0.09444,-0.15247,-0.17128,-0.16336,-0.15944,-0.10983,-0.14274,-0.19675,-0.2251,-0.28634,-0.30138,-0.34761,-0.28077,-0.34001,-0.43572,-0.54872,-0.64702,-0.63425,-0.63473,-0.61728,-0.52532,-0.50622,-0.40425,-0.43969,-0.49093,-0.50502,-0.55173,-0.59914,-0.57663,-0.50406,-0.42219,-0.33886,-0.26758,-0.21219,-0.16916,-0.15429,-0.17986,-0.19433,-0.21809,-0.27097,-0.36935,-0.46522,-0.54649,-0.59157,-0.6175,-0.6834,-0.69814,-0.70856,-0.70625,-0.67953,-0.68624,-0.61533,-0.54549,-0.49109,-0.45975,-0.4545,-0.47686,-0.52685,-0.5992,-0.67896,-0.7427,-0.76838,-0.7487,-0.69689,-0.63855,-0.59543,-0.57425,-0.56819,-0.56698,-0.56596,-0.56882,-0.58381,-0.59754,-0.64936,-0.71323,-0.77649,-0.80441,-0.79447,-0.76811,-0.69653,-0.58317,-0.44563,-0.31135,-0.22706,-0.15515,-0.12309,-0.12928,-0.1669,-0.22767,-0.30234,-0.30956,-0.37769,-0.42846,-0.47991,-0.50369,-0.50881,-0.52801,-0.56777,-0.62385,-0.6824,-0.72386,-0.72068,-0.7001,-0.64685,-0.62677,-0.55744,-0.50365,-0.47525,-0.47805,-0.51432,-0.61723,-0.68553,-0.74161,-0.76391,-0.74061,-0.68841,-0.59946,-0.51759,-0.46351,-0.44163,-0.44578,-0.46882,-0.50749,-0.56097,-0.62507,-0.68634,-0.72384,-0.721,-0.67736,-0.60815,-0.53338,-0.4682,-0.42096,-0.39497,-0.38948,-0.40006,-0.47297,-0.48745,-0.50255,-0.51978,-0.53839,-0.55467,-0.5624,-0.55514,-0.53026,-0.4924,-0.45361,-0.42921,-0.43084,-0.45973,-0.50474,-0.54807,-0.575,-0.58004,-0.56576,-0.53895,-0.50923,-0.48909,-0.48989,-0.51338,-0.54557,-0.56111,-0.53837,-0.47422,-0.38635,-0.30276,-0.24844,-0.23693,-0.26692,-0.32226,-0.37648,-0.40286,-0.38617,-0.32842,-0.2459,-0.16234,-0.10275,-0.085908,-0.11462,-0.17039,-0.21918,-0.22597,-0.16826,-0.041722,0.14212,0.36182,0.59203,0.80873,0.99481,1.1441,1.2592,1.3429,1.3925,1.4042,1.383,1.3463,1.3161,1.3051,1.3089,1.3098,1.2914,1.2521,1.2047,1.1658,1.1452,1.1426,1.1517,1.1625,1.1621,1.1373,1.0819,1.0028,0.92222,0.87016,0.87018,0.92522,1.0137,1.1018,1.164,1.1954,1.2081,1.2164,1.2262,1.232,1.2214,1.1833,1.1168,1.0366,0.96807,0.9338,0.94195,0.98415,1.0424,1.0995,1.1472,1.1882,1.228,1.2635,1.2784,1.2503,1.1687,1.0492,0.93141,0.85892,0.85471,0.90945,0.98835,1.0505,1.069,1.0408,0.98236,0.9163,0.85925,0.81752,0.78973,0.77167,0.75905,0.74626,0.72413,0.68193,0.61441,0.52798,0.44082,0.37649,0.33732,0.36801,0.44639,0.54689,0.5948,0.64429,0.64563,0.60667,0.54911,0.49725,0.46779,0.46571,0.48671,0.52184,0.55906,0.58221,0.57334,0.52204,0.43615,0.3428,0.27633,0.26088,0.2985,0.40866,0.46996,0.50578,0.51437,0.51215,0.52082,0.57776,0.62046,0.72136,0.72556,0.70015,0.34897,0.069312
-0.44939,-0.49817,-0.45932,-0.34652,-0.18223,0.0041099,0.17588,0.2932,0.32127,0.33112,0.19366,0.019021,-0.16693,-0.34642,-0.51772,-0.69361,-0.8801,-1.0574,-1.1922,-1.2734,-1.3291,-1.0473,-1.1226,-0.65392,-0.69654,-0.72557,-0.48663,-0.47606,-0.42867,0.28408,0.27892,0.17127,0.0030131,-0.006879,-0.18135,-0.20726,-0.27843,-0.29764,-0.2866,-0.26952,-0.26181,-0.27072,0.054766,0.088249,0.089157,0.067281,0.043398,0.31981,0.32018,0.29327,0.23097,0.13775,0.028938,-0.079052,-0.23138,-0.39306,-0.20712,-0.35288,-0.79614,-0.78077,-0.85145,-0.81331,-0.70703,-0.61925,-0.39924,-0.16438,0.066653,0.26721,0.40214,0.4448,0.39623,0.28754,0.16564,-0.13841,-0.17033,-0.14245,-0.068675,0.02919,0.1318,0.22958,0.32251,0.41187,0.49133,0.54728,0.56712,0.54392,0.36198,0.24202,0.058388,-0.1726,-0.40494,-0.61342,-0.6986,-0.63828,-0.61516,-0.59768,-0.60628,-0.64478,-0.7061,-0.77579,-0.83349,-0.85646,-0.82757,-0.74498,-0.62718,-0.50823,-0.42535,-0.4064,-0.46081,-0.57358,-0.70548,-0.78181,-0.82428,-0.44659,-0.40542,-0.34805,-0.38358,-0.074001,0.14319,0.32612,0.40961,0.35606,0.17534,-0.078684,-0.33297,-0.5271,-0.6334,-0.65629,-0.61755,-0.53961,-0.43668,-0.31733,-0.19314,-0.080865,0.0065999,0.070401,0.12396,0.17987,0.23692,0.27706,0.063195,0.029925,-0.055554,-0.17955,-0.31623,-0.43902,-0.53077,-0.5883,-0.61986,-0.63789,-0.65051,-0.65447,-0.63382,-0.48386,-0.44996,-0.37658,-0.27077,-0.21688,-0.12298,-0.10059,-0.17385,-0.32954,-0.52054,-0.68609,-0.78009,-0.78921,-0.72991,-0.63237,-0.52784,-0.44497,-0.40753,-0.42612,-0.48833,-0.55954,-0.59991,-0.58694,-0.52621,-0.44347,-0.36803,-0.32179,-0.31696,-0.35496,-0.42175,-0.48718,-0.51713,-0.49323,-0.42432,-0.34109,-0.27935,-0.26308,-0.29572,-0.36085,-0.42902,-0.46898,-0.46172,-0.40918,-0.32915,-0.24118,-0.15748,-0.083538,-0.02015,0.038297,0.10321,0.11846,0.19884,0.25178,0.2663,0.25074,0.22984,0.23397,0.2891,0.40826,0.58341,0.78252,0.95847,1.0686,1.0925,0.95224,0.82887,0.67824,0.537,0.43687,0.39224,0.39302,0.41121,0.41556,0.38407,0.31474,0.23424,0.25166,0.29984,0.43998,0.64136,0.84747,1.0041,0.82528,0.85127,0.87442,0.89427,0.91027,0.9944,0.98187,0.92947,0.827,0.6883,0.54956,0.4482,0.39812,0.38357,0.37899,0.69709,0.65022,0.63109,0.67187,0.69112,0.79143,0.84668,0.86649,0.87742,0.90019,0.93642,0.97095,0.98359,0.96195,0.9091,0.84238,0.78267,0.7402,0.70805,0.67057,0.61981,0.54529,0.53475,0.57585,0.67205,0.80239,0.92703,1.0042,1.0093,0.94581,0.84278,0.74004,0.66756,0.6311,0.61316,0.58762,0.53676,0.45951,0.36795,0.27788,0.20126,0.14445,0.1085,0.087795,0.071254,0.05098,0.032042,0.030979,0.06152,0.12112,0.19171,0.25379,0.30104,0.34341,0.39659,0.46721,0.5475,0.62387,0.68898,0.74294,0.78379,0.80089,0.78175,0.72709,0.65956,0.54457,0.56062,0.7295,0.75469,0.64727
-0.23958,-0.36714,-0.52596,-0.70107,-0.87045,-0.74398,-0.30741,-0.32155,-0.11245,0.1347,0.3685,0.67936,0.86419,0.90778,0.80028,0.56204,0.32045,-0.56169,-0.91619,-1.1887,-1.1153,-1.0056,-1.0011,-1.0825,-0.9244,-0.67898,-0.27363,0.11874,0.36588,0.51281,0.53672,0.46084,0.41289,0.50538,0.35788,0.095487,-0.1022,-0.2226,-0.41466,-0.42354,-0.71287,-0.81203,-0.71274,-0.65222,-0.51562,-0.32875,-0.14664,-0.030148,-0.015416,0.052418,-0.09161,-0.22429,-0.36684,-0.47954,-0.45895,-0.38818,-0.45357,-0.6755,-0.70589,-0.77323,-0.85475,-0.86512,-0.8908,-0.90542,-0.90581,-0.86953,-0.87608,-0.93471,-0.94021,-0.8686,-0.72886,-0.57194,-0.42338,-0.33943,-0.3373,-0.39611,-0.60168,-0.65117,-0.65862,-0.62963,-0.5842,-0.54599,-0.53224,-0.54448,-0.56327,-0.55678,-0.50499,-0.42034,-0.34254,-0.31286,-0.35355,-0.46528,-0.63289,-0.8289,-1.0171,-1.2145,-1.2873,-1.3043,-1.2868,-1.253,-1.2118,-1.1667,-1.1201,-1.0703,-1.0095,-0.82262,-0.72333,-0.61593,-0.52751,-0.48437,-0.4968,-0.55827,-0.65554,-0.77597,-0.90451,-1.0826,-1.1564,-1.1559,-1.0658,-0.90156,-0.70201,-0.51283,-0.37062,-0.2939,-0.28258,-0.32287,-0.39443,-0.47803,-0.56074,-0.63491,-0.69166,-0.71639,-0.69452,-0.62507,-0.52804,-0.43649,-0.38134,-0.38275,-0.45036,-0.58331,-0.76435,-0.95568,-1.108,-1.1815,-1.164,-1.0736,-0.94688,-0.73351,-0.62278,-0.69484,-0.6263,-0.60152,-0.62722,-0.69227,-0.77121,-0.84167,-0.9028,-0.97402,-1.0708,-1.1582,-1.2492,-1.2924,-1.0476,-1.0168,-0.84412,-0.79682,-0.76195,-0.73756,-0.71163,-0.67794,-0.64208,-0.6134,-0.59403,-0.5777,-0.67659,-0.63427,-0.618,-0.63992,-0.68059,-0.70471,-0.69419,-0.66212,-0.63476,-0.62443,-0.61949,-0.59362,-0.52315,-0.40334,-0.25749,-0.13131,-0.068727,-0.040951,-0.1389,-0.24194,-0.2964,-0.027871,-0.044829,-0.086525,-0.13466,-0.16343,-0.15202,-0.097254,-0.01806,0.059789,0.12809,0.20188,0.29842,0.41367,0.52108,0.58933,0.60057,0.55917,0.49103,0.43465,0.42506,0.47675,0.57657,0.693,0.79732,0.88256,0.96538,1.0691,1.2028,1.3531,1.4898,1.5784,1.5933,1.5285,1.4027,1.2563,1.139,1.0909,1.1233,1.211,1.3028,1.3472,1.3184,1.2295,1.1272,1.0709,1.1032,1.2269,1.4019,1.569,1.6811,1.6957,1.6793,1.627,1.5507,1.443,1.2927,1.1119,0.94847,0.86392,0.89044,1.0026,1.1304,1.2063,1.2093,1.1442,1.1134,1.1102,1.1139,1.089,1.0213,0.91165,0.85176,0.85914,0.93615,1.0466,1.3369,1.4351,1.4826,1.469,1.3934,1.2679,1.1184,0.97556,0.86215,0.73301,0.70985,0.75523,0.87229,1.0408,1.2619,1.3446,1.3207,1.1906,0.98909,0.8546,0.66476,0.51366,0.51294,0.60117,0.73928,0.87802,0.9743,0.97111,0.88022,0.73322,0.57872,0.46157,0.40766,0.58229,0.6278,0.8685,0.95464,1.0018,1.0464,1.054,1.017,0.75121,0.66835,0.60613,0.5734,0.62073,0.76221,0.7591,0.31101,0.22662
0.74273,0.59609,0.33847,0.1953,0.077346,0.056254,-0.028523,-0.01328,0.12818,0.31299,0.45446,0.31774,0.16433,-0.039045,-0.19178,-0.26909,-0.21881,-0.0079813,0.13182,0.24549,0.2935,0.25787,0.14578,0.059476,-0.10551,-0.22629,-0.28371,-0.28006,-0.22607,-0.1351,0.0053265,0.025129,-0.042676,-0.13533,-0.26704,-0.34593,-0.42184,-0.37637,-0.37387,-0.4376,-0.54078,-0.66145,-0.7335,-0.55523,-0.69486,-0.67778,-0.64902,-0.65279,-0.65566,-0.60512,-0.57657,-0.50822,-0.45259,-0.39412,-0.33355,-0.3223,-0.29555,-0.31839,-0.34822,-0.33366,-0.30005,-0.28624,-0.31304,-0.37261,-0.48456,-0.60838,-0.7158,-0.80949,-0.85925,-0.85368,-0.79422,-0.69869,-0.59683,-0.48577,-0.44202,-0.42745,-0.41876,-0.40026,-0.37821,-0.37695,-0.42071,-0.51634,-0.57654,-0.71818,-0.93495,-0.90984,-0.90717,-0.8668,-0.79988,-0.72076,-0.64728,-0.59846,-0.58606,-0.65777,-0.68681,-0.71117,-0.71998,-0.71121,-0.68931,-0.66214,-0.63974,-0.63312,-0.65045,-0.69122,-0.7428,-0.72263,-0.73837,-0.72295,-0.68164,-0.63087,-0.59,-0.57232,-0.5793,-0.58368,-0.54273,-0.5562,-0.55237,-0.52831,-0.48893,-0.44622,-0.4142,-0.40304,-0.41672,-0.45506,-0.51561,-0.5923,-0.72597,-0.78304,-0.79624,-0.78275,-0.74788,-0.7159,-0.70964,-0.75508,-0.80876,-0.91866,-0.96698,-0.9861,-0.96663,-0.91842,-0.83731,-0.73945,-0.6342,-0.53397,-0.45384,-0.40667,-0.39772,-0.42456,-0.52817,-0.59962,-0.67946,-0.75107,-0.79877,-0.81677,-0.81172,-0.79841,-0.79296,-0.80585,-0.83602,-0.87055,-0.84459,-0.85163,-0.84914,-0.8469,-0.84696,-0.8396,-0.81044,-0.75248,-0.67318,-0.5904,-0.51993,-0.46543,-0.42112,-0.3831,-0.35483,-0.34225,-0.34876,-0.37672,-0.42889,-0.50344,-0.58718,-0.68357,-0.71184,-0.69468,-0.64161,-0.57342,-0.50985,-0.46127,-0.43007,-0.417,-0.42405,-0.45176,-0.49502,-0.54139,-0.57314,-0.57312,-0.53203,-0.45291,-0.35084,-0.2486,-0.16933,-0.12764,-0.12176,-0.13162,-0.12701,-0.083496,0.0052213,0.12902,0.274,0.43279,0.60399,0.78452,0.96348,1.1224,1.2406,1.3026,1.3034,1.2493,1.1557,1.0441,0.93824,0.85934,0.82175,0.83067,0.88066,0.95602,1.035,1.0961,1.123,1.1088,1.0581,0.98719,0.91683,0.86457,0.84219,0.85789,0.91497,1.0043,1.0988,1.1583,1.1479,1.0599,0.92382,0.79391,0.719,0.71578,0.76303,0.81814,0.84256,0.82012,0.75953,0.68305,0.6121,0.55966,0.53083,0.52491,0.53496,0.54764,0.54797,0.52763,0.49069,0.45232,0.40751,0.41861,0.47087,0.55527,0.65507,0.75189,0.82924,0.87372,0.8761,0.83338,0.75111,0.64338,0.52903,0.4262,0.34874,0.30563,0.30223,0.34132,0.42057,0.52664,0.63256,0.70513,0.73696,0.69235,0.61187,0.52997,0.47412,0.45207,0.45237,0.45588,0.41301,0.39944,0.39433,0.40928,0.44658,0.49715,0.54578,0.57997,0.59761,0.60778,0.6232,0.65009,0.68467,0.71792,0.74166,0.75054,0.74163,0.71391,0.64039,0.58017,0.52978,0.48015,0.45667,0.46519,0.47904,0.4243,0.40057,0.55433
